{
"goalPos": [ 16, 9 ],
"playerPos": [ 12.21875, 1.59375 ],
"groundedBeePos": [
	[ 17.625, 16.1875 ],
	[ 16.46875, 12.875 ]
],
"flyingBeePos": [
	[ 22.4375, 6.03125 ],
	[ 15.4375, 10.5625 ],
	[ 18.71875, 10.53125 ]
],
"platformPos": [
	[ 20.76314, 17.25, 20.330128, 17, 25.09327, 8.750001, 25.52628, 9 ],
	[ 11.236859, 17.25, 11.236859, 16.75, 20.763142, 16.75, 20.76314, 17.25 ],
	[ 6.47372, 9, 6.906733, 8.75, 11.669871, 17, 11.236859, 17.25 ],
	[ 11.236863, 0.7499991, 11.669875, 0.99999905, 6.906733, 9.249998, 6.4737215, 8.999997 ],
	[ 20.76314, 0.75000006, 20.76314, 1.2499999, 11.23686, 1.25, 11.23686, 0.75 ],
	[ 25.526281, 8.999998, 25.093267, 9.249998, 20.330128, 0.9999991, 20.763138, 0.749999 ],
	[ 18.921076, 2.5403447, 19.35409, 2.290345, 22.266426, 7.3346553, 21.83341, 7.584656 ],
	[ 22.314743, 8.468751, 22.747757, 8.218751, 23.581171, 9.662267, 23.148159, 9.912267 ],
	[ 19.738518, 15.838518, 19.305504, 15.588517, 19.627243, 15.03125, 20.060259, 15.28125 ],
	[ 12.171581, 15.906251, 12.171581, 15.406251, 19.578423, 15.406251, 19.578423, 15.90625 ],
	[ 9.712937, 12.006242, 10.14595, 11.756243, 12.41206, 15.681259, 11.979047, 15.931259 ],
	[ 8.607942, 9.621777, 9.040954, 9.371777, 9.872755, 10.8125, 9.439744, 11.0625 ],
	[ 8.992161, 9.746672, 8.559149, 9.496672, 12.63284, 2.440829, 13.065853, 2.6908293 ],
	[ 12.71875, 2.75, 12.71875, 2.2499998, 19.318497, 2.25, 19.318495, 2.7499998 ],
	[ 10.716507, 9.3125, 10.283494, 9.0625, 12.173344, 5.7891836, 12.606356, 6.0391836 ],
	[ 13.060256, 5.3125, 12.627244, 5.0625005, 13.593723, 3.3885088, 14.026734, 3.6385088 ],
	[ 13.590374, 3.90625, 13.590374, 3.4062498, 18.222126, 3.4062498, 18.222126, 3.9062498 ],
	[ 18.955446, 14.034099, 18.522432, 13.784099, 21.232052, 9.090899, 21.665066, 9.3408985 ],
	[ 18.416183, 4.696056, 18.849197, 4.446056, 21.622755, 9.25, 21.189743, 9.5 ],
	[ 11.865223, 6.1762524, 12.298235, 5.926253, 14.259778, 9.323748, 13.826766, 9.573748 ],
	[ 12.875001, 5.3125, 12.875, 4.8125, 15.780074, 4.8125005, 15.780073, 5.3125 ],
	[ 15.268616, 5.0730715, 15.701629, 4.823072, 17.168882, 7.364428, 16.73587, 7.6144285 ],
	[ 14.40627, 9.399483, 13.973258, 9.149481, 15.156227, 7.1005206, 15.589238, 7.3505206 ],
	[ 15.34375, 7.53125, 15.34375, 7.03125, 17.10986, 7.03125, 17.109858, 7.5312495 ],
	[ 13.125, 14.156251, 13.125, 13.656251, 15.468749, 13.656249, 15.468751, 14.15625 ],
	[ 16.562498, 14.187499, 16.5625, 13.687501, 18.718977, 13.687499, 18.718977, 14.187501 ],
	[ 14.40625, 12.593751, 14.406251, 12.093751, 17.814793, 12.09375, 17.814793, 12.59375 ],
	[ 13.686924, 11.422602, 14.119938, 11.172602, 14.750574, 12.264899, 14.317562, 12.5149 ],
	[ 16.630667, 10.711378, 17.06368, 10.461379, 18.060257, 12.1875, 17.627243, 12.437501 ],
	[ 17.091505, 10.906249, 16.658491, 10.656249, 17.499344, 9.199852, 17.932356, 9.449852 ],
	[ 17.625, 9.656251, 17.625, 9.15625, 19.252703, 9.156251, 19.252703, 9.656249 ],
	[ 18.197483, 8.068136, 18.630497, 7.818136, 19.490013, 9.306864, 19.057, 9.556864 ],
	[ 10.189745, 9.34375, 10.622756, 9.093751, 13.348008, 13.814027, 12.914996, 14.064026 ],
	[ 20.8052, 14.678144, 20.372187, 14.428147, 23.127243, 9.65625, 23.560257, 9.90625 ]
],
"spikedPlatformPos": [
	[ 14.815286, 6.899783, 15.248298, 7.149781, 14.122214, 9.100218, 13.6892, 8.850218 ],
	[ 16.797443, 6.687502, 16.797443, 7.187499, 15.077557, 7.187503, 15.077557, 6.687501 ],
	[ 9.951693, 9.482876, 10.384705, 9.232876, 13.110808, 13.954626, 12.677795, 14.204626 ],
	[ 19.029007, 14.21875, 18.595993, 13.968749, 21.32232, 9.246612, 21.755335, 9.496613 ]
],
"honeyPatchPos": null,
"background": [ 20.76314, 17.25, 11.236859, 17.25, 6.47372, 9, 11.236863, 0.7499991, 20.76314, 0.75000006, 25.526281, 8.999998 ],
"ballPos": [
	[ 12.125, 7.90625 ]
]
}