{
"goalPos": [ 19, 15.375 ],
"playerPos": [ 12.187489, 15.000347 ],
"groundedBeePos": [
	[ 14.5625, 6.115931 ],
	[ 17.71875, 6.09375 ],
	[ 16.9375, 13.34375 ]
],
"flyingBeePos": [
	[ 13.90625, 10.25 ]
],
"platformPos": [
	[ 20.76314, 17.25, 20.330128, 17, 25.09327, 8.750001, 25.52628, 9 ],
	[ 11.236859, 17.25, 11.236859, 16.75, 20.763142, 16.75, 20.76314, 17.25 ],
	[ 6.47372, 9, 6.906733, 8.75, 11.669871, 17, 11.236859, 17.25 ],
	[ 11.236863, 0.7499991, 11.669875, 0.99999905, 6.906733, 9.249998, 6.4737215, 8.999997 ],
	[ 20.76314, 0.75000006, 20.76314, 1.2499999, 11.23686, 1.25, 11.23686, 0.75 ],
	[ 25.526281, 8.999998, 25.093267, 9.249998, 20.330128, 0.9999991, 20.763138, 0.749999 ],
	[ 11.374694, 14.71875, 11.374694, 14.21875, 14.562806, 14.218751, 14.562807, 14.71875 ],
	[ 14.266859, 14.486289, 14.699871, 14.23629, 15.545644, 15.701213, 15.112632, 15.951212 ],
	[ 15.234375, 16.09375, 15.234375, 15.59375, 17.203125, 15.59375, 17.203125, 16.09375 ],
	[ 17.248175, 16.038296, 16.815163, 15.788298, 17.689323, 14.274201, 18.122341, 14.524201 ],
	[ 17.731289, 14.718751, 17.731289, 14.218751, 20.581213, 14.218752, 20.581213, 14.71875 ],
	[ 14.390278, 13.124999, 14.390277, 12.624998, 20.734722, 12.624999, 20.734722, 13.124998 ],
	[ 12.982411, 11.499999, 12.982411, 11, 19.080086, 11, 19.080086, 11.499999 ],
	[ 19.179, 11.328869, 18.745985, 11.078869, 19.883503, 9.108632, 20.316515, 9.35863 ],
	[ 13.381506, 9.40625, 13.381505, 8.90625, 20.243496, 8.906251, 20.243496, 9.40625 ],
	[ 11.710216, 14.432689, 11.277203, 14.18269, 13.039784, 11.129811, 13.472796, 11.379811 ],
	[ 20.279007, 9.28125, 19.845993, 9.03125, 20.266708, 8.302548, 20.699722, 8.552547 ],
	[ 12.081585, 6.8155084, 12.514597, 6.565509, 13.918413, 8.99699, 13.485403, 9.246992 ],
	[ 11.053876, 6.9273167, 10.620864, 6.677316, 11.258624, 5.5726833, 11.691636, 5.8226833 ],
	[ 11.358946, 5.875, 11.358946, 5.375, 20.453554, 5.3749995, 20.453554, 5.8750005 ],
	[ 20.016903, 5.6164613, 20.449919, 5.3664613, 22.733093, 9.321037, 22.30008, 9.571037 ],
	[ 20.966505, 13.0625, 20.533495, 12.812499, 21.694487, 10.801604, 22.127499, 11.051603 ],
	[ 10.55542, 6.8655815, 10.988432, 6.6155815, 11.75708, 7.9469194, 11.324068, 8.1969185 ]
],
"spikedPlatformPos": [
	[ 20.515732, 16.3125, 20.515736, 16.812498, 11.484266, 16.812498, 11.484264, 16.3125 ],
	[ 10.507376, 13.950107, 10.074359, 14.2001095, 6.992629, 8.862392, 7.425643, 8.612391 ],
	[ 11.5625, 4.4375, 11.5625, 3.9374993, 16.094181, 3.9375, 16.094181, 4.4375 ],
	[ 16.015848, 3.5624995, 16.015848, 4.0624995, 11.609155, 4.0625, 11.609155, 3.5624995 ],
	[ 15.78125, 1.6249999, 15.78125, 1.125, 20.5, 1.1249999, 20.5, 1.6249999 ],
	[ 20.18928, 1.4568949, 20.622292, 1.2068948, 22.873215, 5.105606, 22.440203, 5.3556056 ],
	[ 19.34375, 4.875, 19.34375, 5.375, 16.78125, 5.375, 16.78125, 4.874999 ],
	[ 21.71875, 11.375, 21.718752, 10.875001, 23.814598, 10.875, 23.814598, 11.375 ],
	[ 23.875114, 10.437501, 23.875116, 10.937503, 21.749886, 10.937501, 21.749886, 10.437504 ],
	[ 8.874236, 8.5625, 8.874236, 8.0625, 11.750765, 8.0625, 11.750765, 8.562502 ],
	[ 11.703214, 7.624999, 11.703213, 8.125, 8.984284, 8.125, 8.984285, 7.6249986 ]
],
"honeyPatchPos": [
	[ 13.9375, 2.9375, 14.53125, 3.25, 15.28125, 3.3125, 15.812501, 3.03125, 15.4375, 2.6875002, 14.5, 2.65625 ],
	[ 10.43177, 13.472396, 10.744271, 13.691147, 11.213021, 13.628647, 11.150521, 13.191146, 11.056771, 12.503646, 11.056771, 12.128647, 11.369271, 11.753646, 11.119271, 11.222396, 11.275521, 10.597396, 11.244271, 9.691146, 11.056771, 9.347396, 11.15052, 8.816146, 10.681771, 8.722395, 10.431771, 9.097397, 10.30677, 9.597396, 10.525521, 10.159896, 10.275521, 10.597397, 10.588021, 11.191146, 10.400521, 11.691145, 10.55677, 12.347397, 10.24427, 12.909896, 10.494271, 13.409896 ],
	[ 18.09375, 3.90625, 19.09375, 3.9062495, 19.4375, 3.2812502, 19.21875, 2.84375, 18.40625, 2.8437502, 17.875, 3.4062502 ]
],
"background": [ 20.76314, 17.25, 11.236859, 17.25, 6.47372, 9, 11.236863, 0.7499991, 20.76314, 0.75000006, 25.526281, 8.999998 ],
"ballPos": [
	[ 13.8125, 12.004998 ]
]
}