{
"goalPos": [ 16, 9 ],
"playerPos": [ 12.3125, 1.5625 ],
"groundedBeePos": [
	[ 12.78125, 6.53125 ],
	[ 17.3125, 12.0625 ],
	[ 19.71875, 1.46875 ]
],
"flyingBeePos": [
	[ 18.46875, 9.21875 ]
],
"platformPos": [
	[ 20.76314, 17.25, 20.330128, 17, 25.09327, 8.750001, 25.52628, 9 ],
	[ 11.236859, 17.25, 11.236859, 16.75, 20.763142, 16.75, 20.76314, 17.25 ],
	[ 6.47372, 9, 6.906733, 8.75, 11.669871, 17, 11.236859, 17.25 ],
	[ 11.236863, 0.7499991, 11.669875, 0.99999905, 6.906733, 9.249998, 6.4737215, 8.999997 ],
	[ 20.76314, 0.75000006, 20.76314, 1.2499999, 11.23686, 1.25, 11.23686, 0.75 ],
	[ 25.526281, 8.999998, 25.093267, 9.249998, 20.330128, 0.9999991, 20.763138, 0.749999 ],
	[ 13.421876, 14.968751, 13.421876, 14.468751, 18.828125, 14.468749, 18.828125, 14.968748 ],
	[ 14.105458, 13.5126095, 13.672447, 13.26261, 14.769541, 11.36239, 15.202554, 11.61239 ],
	[ 13.061588, 11.874999, 13.061588, 11.374998, 19.750916, 11.374998, 19.750914, 11.875 ],
	[ 8.484374, 9.375, 8.484375, 8.874999, 10.390625, 8.875, 10.390624, 9.375 ],
	[ 10.435256, 9.1875, 10.002244, 8.9375, 11.792108, 5.8373647, 12.22512, 6.087364 ],
	[ 11.875, 6.3749995, 11.875, 5.875, 20.125534, 5.875, 20.125532, 6.3750005 ],
	[ 19.783493, 6.2812495, 20.216505, 6.0312495, 21.895378, 8.939137, 21.462362, 9.189137 ]
],
"spikedPlatformPos": [
	[ 11.46875, 16.9375, 11.46875, 16.4375, 20.600224, 16.437502, 20.600224, 16.9375 ],
	[ 20.685257, 16.78125, 20.252243, 16.531252, 21.950272, 13.590179, 22.383284, 13.840178 ],
	[ 9.706245, 14.011996, 10.139258, 13.761995, 11.810256, 16.65625, 11.377244, 16.90625 ],
	[ 11.820678, 10.262683, 12.253691, 10.012682, 14.122756, 13.249999, 13.689744, 13.500001 ],
	[ 17.28125, 4.1875, 17.281252, 3.6875002, 22.189987, 3.6875002, 22.189987, 4.1875 ],
	[ 10.53125, 3.1250002, 10.53125, 2.625, 14.28125, 2.6249998, 14.28125, 3.125 ],
	[ 9.069723, 5.9366455, 8.636712, 5.6866446, 10.367775, 2.6883543, 10.800787, 2.9383545 ],
	[ 7.78125, 7.84375, 7.781249, 7.3437495, 9.688524, 7.34375, 9.688524, 7.84375 ],
	[ 13.906251, 7.90625, 13.90625, 7.4062495, 17.21934, 7.40625, 17.219337, 7.90625 ]
],
"honeyPatchPos": [
	[ 20.53125, 12.96875, 22.1875, 13.000001, 23.34375, 11.28125, 21.9375, 10.34375, 20.46875, 11.34375 ]
],
"background": [ 20.76314, 17.25, 11.236859, 17.25, 6.47372, 9, 11.236863, 0.7499991, 20.76314, 0.75000006, 25.526281, 8.999998 ]
}