{
"goalPos": [ 16.0625, 8.59375 ],
"playerPos": [ 12.25, 1.5625 ],
"groundedBeePos": [
	[ 15, 6.78125 ],
	[ 18.28125, 4.46875 ],
	[ 12.125, 3.625 ]
],
"flyingBeePos": [
	[ 12.09375, 12.375 ],
	[ 21.5, 9.96875 ]
],
"platformPos": [
	[ 20.76314, 17.25, 20.330128, 17, 25.09327, 8.750001, 25.52628, 9 ],
	[ 11.236859, 17.25, 11.236859, 16.75, 20.763142, 16.75, 20.76314, 17.25 ],
	[ 6.47372, 9, 6.906733, 8.75, 11.669871, 17, 11.236859, 17.25 ],
	[ 11.236863, 0.7499991, 11.669875, 0.99999905, 6.906733, 9.249998, 6.4737215, 8.999997 ],
	[ 20.76314, 0.75000006, 20.76314, 1.2499999, 11.23686, 1.25, 11.23686, 0.75 ],
	[ 25.526281, 8.999998, 25.093267, 9.249998, 20.330128, 0.9999991, 20.763138, 0.749999 ],
	[ 14.781251, 15.187501, 14.78125, 14.687499, 21.659729, 14.687499, 21.659729, 15.1875 ],
	[ 11.836329, 10.309648, 11.403317, 10.0596485, 13.601172, 6.2528515, 14.034184, 6.502852 ],
	[ 13.65625, 6.5937505, 13.65625, 6.0937495, 18.35218, 6.09375, 18.35218, 6.5937495 ],
	[ 18.033493, 6.5625, 18.466507, 6.3125, 19.878042, 8.757351, 19.445028, 9.007351 ],
	[ 16.09375, 4.3125005, 16.09375, 3.8125, 19.65625, 3.8125, 19.65625, 4.3125 ],
	[ 10.500001, 3.3750005, 10.5, 2.875, 14.032494, 2.875, 14.032495, 3.3750002 ],
	[ 7.1249213, 8.968749, 7.124922, 8.468751, 10.250078, 8.46875, 10.250078, 8.96875 ],
	[ 12.345994, 8.90625, 12.779006, 8.65625, 14.122483, 10.983222, 13.689471, 11.23322 ],
	[ 16.234375, 10.6875, 16.234375, 10.1875, 17.953125, 10.187501, 17.953125, 10.687501 ]
],
"spikedPlatformPos": [
	[ 16.275967, 12.636644, 16.70898, 12.386645, 18.091507, 14.78125, 17.658491, 15.031249 ],
	[ 16.810257, 12.78125, 16.377245, 12.53125, 17.669119, 10.293654, 18.102133, 10.5436535 ],
	[ 20.03125, 6.531251, 20.03125, 6.0312505, 23.562635, 6.0312495, 23.562637, 6.5312505 ],
	[ 18.09375, 2.7812498, 18.093748, 2.2812495, 21.34375, 2.2812498, 21.34375, 2.78125 ],
	[ 14.227419, 1.3299187, 14.660431, 1.0799186, 16.310259, 3.9375002, 15.877244, 4.1875 ],
	[ 8.72578, 6.805852, 8.292768, 6.5558515, 9.83672, 3.881648, 10.269732, 4.131648 ],
	[ 7.0624995, 9.28125, 7.062501, 8.78125, 10.250152, 8.78125, 10.250153, 9.28125 ],
	[ 10.90625, 6.5937505, 10.90625, 6.09375, 13.562684, 6.0937495, 13.562684, 6.59375 ],
	[ 11.468749, 17.031248, 11.468749, 16.53125, 14.724154, 16.53125, 14.724154, 17.03125 ],
	[ 10.181275, 15.051279, 10.614287, 14.801278, 11.685256, 16.65625, 11.252243, 16.90625 ]
],
"honeyPatchPos": [
	[ 19.46875, 13.843751, 18.15625, 12.40625, 19.53125, 11.1875, 21.46875, 11.78125, 21, 13.71875 ]
],
"background": [ 20.76314, 17.25, 11.236859, 17.25, 6.47372, 9, 11.236863, 0.7499991, 20.76314, 0.75000006, 25.526281, 8.999998 ]
}