{
"goalPos": null,
"playerPos": [ 15.46875, 10.375 ],
"beePos": [],
"platformPos": [
	[ 23.792831, 6.705802, 28.689743, 15.1875, 29.122757, 14.937499, 29.122757, 14.937499, 24.225845, 6.4558024, 23.792831, 6.705802 ]
]
}