{
"goalPos": [ 18.4375, 2.90625 ],
"playerPos": [ 12.53125, 2.21875 ],
"groundedBeePos": [
	[ 14.8125, 12.4375 ]
],
"flyingBeePos": [
	[ 18.28125, 12.28125 ]
],
"platformPos": [
	[ 20.330128, 17, 25.09327, 8.750001, 25.52628, 9, 20.76314, 17.25 ],
	[ 11.236859, 16.75, 20.763142, 16.75, 20.76314, 17.25, 11.236859, 17.25 ],
	[ 6.906733, 8.75, 11.669871, 17, 11.236859, 17.25, 6.47372, 9 ],
	[ 11.669875, 0.99999905, 6.906733, 9.249998, 6.4737215, 8.999997, 11.236863, 0.7499991 ],
	[ 20.76314, 1.2499999, 11.23686, 1.25, 11.23686, 0.75, 20.76314, 0.75000006 ],
	[ 25.093267, 9.249998, 20.330128, 0.9999991, 20.763138, 0.749999, 25.526281, 8.999998 ],
	[ 12.90625, 11.46875, 12.90625, 10.968751, 19.666658, 10.96875, 19.666658, 11.468751 ],
	[ 12.466506, 13.406251, 12.033495, 13.15625, 13.078034, 11.347054, 13.511047, 11.597054 ],
	[ 20.127243, 13.21875, 20.560257, 12.96875, 19.480322, 11.098247, 19.047308, 11.348248 ]
],
"spikedPlatformPos": [
	[ 14.247756, 8.46875, 13.814743, 8.218751, 15.865374, 4.666957, 16.298386, 4.916957 ]
],
"honeyPatchPos": [
	[ 15.093751, 8.0625, 14.875, 5.9062505, 19.09375, 5.59375, 19.21875, 8.25 ]
],
"background": [ 20.76314, 17.25, 25.526281, 8.999998, 20.76314, 0.75000006, 20.76314, 17.25, 20.76314, 0.75000006, 11.236863, 0.7499991, 20.76314, 17.25, 11.236863, 0.7499991, 6.47372, 9, 6.47372, 9, 11.236859, 17.25, 20.76314, 17.25 ]
}