{
"goalPos": [ 12.53125, 8.5625 ],
"playerPos": [ 12.21875, 15.5625 ],
"groundedBeePos": [],
"flyingBeePos": [
	[ 23.59375, 9.047967 ],
	[ 15.9375, 8.5 ],
	[ 10.1875, 6.28125 ]
],
"platformPos": [
	[ 20.76314, 17.25, 20.330128, 17, 25.093275, 8.749999, 25.52628, 9 ],
	[ 11.236859, 17.25, 11.236859, 16.75, 20.763142, 16.75, 20.76314, 17.25 ],
	[ 6.47372, 9, 6.906733, 8.75, 11.669871, 17, 11.236859, 17.25 ],
	[ 11.236863, 0.74999917, 11.669875, 0.99999905, 6.906733, 9.249998, 6.4737215, 8.999997 ],
	[ 20.76314, 0.75000006, 20.76314, 1.2499999, 11.23686, 1.25, 11.23686, 0.75000006 ],
	[ 25.526281, 8.999998, 25.093267, 9.249998, 20.330227, 1.0000017, 20.763039, 0.7499954 ],
	[ 10.280939, 15.093749, 10.280941, 14.59375, 17.344063, 14.59375, 17.344063, 15.09375 ],
	[ 12.139088, 9.906251, 12.139083, 9.40625, 19.923412, 9.406251, 19.923412, 9.906251 ],
	[ 12.250909, 7.156919, 12.683921, 7.4069185, 11.99909, 8.593083, 11.566075, 8.34308 ],
	[ 22.59375, 7.531249, 22.59375, 7.03125, 24.344866, 7.03125, 24.344866, 7.53125 ],
	[ 14.208185, 13.531251, 14.208182, 13.03125, 19.416817, 13.031249, 19.416819, 13.531251 ],
	[ 19.435257, 13.406249, 19.002243, 13.15625, 22.500324, 7.0973945, 22.933338, 7.347395 ],
	[ 19.5, 9.9375, 19.5, 9.4375, 21.221306, 9.437499, 21.221306, 9.9375 ],
	[ 19.323015, 9.623778, 19.756027, 9.373781, 20.622757, 10.875, 20.189745, 11.124998 ],
	[ 22.747757, 7.593749, 22.314743, 7.34375, 23.266342, 5.6955566, 23.699345, 5.9455533 ],
	[ 12.312422, 7.624999, 12.312422, 7.124999, 18.59375, 7.125, 18.59375, 7.6250005 ],
	[ 11.474115, 8.628763, 11.907126, 8.378762, 12.588385, 9.558735, 12.155373, 9.808734 ]
],
"spikedPlatformPos": [
	[ 11.375, 1.6562501, 11.37502, 1.1562502, 20.5009, 1.156252, 20.500856, 1.6562505 ],
	[ 20.033493, 1.4375, 20.466507, 1.1875, 23.166542, 5.8641243, 22.733545, 6.114128 ],
	[ 18.062714, 4.812499, 18.062714, 5.312501, 13.499786, 5.312502, 13.499786, 4.8125 ],
	[ 13.499787, 5.7499995, 13.499784, 5.25, 18.062714, 5.249998, 18.062714, 5.750002 ],
	[ 12.851967, 7.331163, 12.418953, 7.0811625, 13.523034, 5.1688366, 13.956048, 5.418837 ],
	[ 13.241786, 5.0125856, 13.674797, 5.2625866, 12.570717, 7.1749115, 12.137705, 6.9249096 ]
],
"honeyPatchPos": [
	[ 16.264582, 3.0104165, 15.920832, 2.6666672, 16.077082, 1.8854176, 17.014582, 1.8229167, 17.577095, 1.9479173, 17.795832, 2.6666667, 17.077082, 3.1354167 ],
	[ 12.15625, 8.0625, 12.531251, 7.500002, 18.5, 7.4375005, 18.5, 7.625, 18.34375, 7.8124995, 18.125, 7.9375, 17.6875, 7.9062505, 17.0625, 7.8125, 16.65625, 7.90625, 16.15625, 8.03125, 15.375001, 8.09375, 14.90625, 8, 14.25, 7.90625, 13.59375, 8, 13.125001, 8.03125, 12.1875, 7.96875 ]
],
"background": [ 20.76314, 17.25, 11.236859, 17.25, 6.47372, 9, 11.236863, 0.74999917, 20.76314, 0.75000006, 25.526281, 8.999998 ],
"ballPos": [
	[ 15.03125, 15.598748 ]
]
}