{
"goalPos": [ 9.40625, 7.96875 ],
"playerPos": [ 11.84375, 3.71875 ],
"groundedBeePos": [
	[ 16.353888, 1.6270366 ],
	[ 15.220626, 12.546548 ]
],
"flyingBeePos": [
	[ 14.781206, 16 ]
],
"platformPos": [
	[ 20.330128, 17, 25.09327, 8.750001, 25.52628, 9, 20.76314, 17.25 ],
	[ 11.236859, 16.75, 20.763142, 16.75, 20.76314, 17.25, 11.236859, 17.25 ],
	[ 6.9599357, 8.78125, 11.723074, 17.03125, 11.290062, 17.28125, 6.5269227, 9.03125 ],
	[ 11.669875, 0.99999905, 6.906733, 9.249998, 6.4737215, 8.999997, 11.236863, 0.7499991 ],
	[ 20.76314, 1.2499999, 11.23686, 1.25, 11.23686, 0.75, 20.76314, 0.75000006 ],
	[ 25.133816, 9.249999, 20.370676, 1, 20.803686, 0.74999994, 25.56683, 8.999999 ],
	[ 10.218749, 3.4687495, 10.218751, 2.96875, 13.71875, 2.9687498, 13.71875, 3.4687498 ],
	[ 17.31394, 5.0677767, 16.880928, 4.8177767, 18.18606, 2.5572226, 18.619074, 2.8072226 ],
	[ 6.8742895, 9.3125, 6.874289, 8.8125, 12.375711, 8.8125, 12.3757105, 9.3125 ],
	[ 18.785507, 11.95016, 18.352493, 11.700161, 20.026995, 8.799837, 20.46001, 9.049838 ],
	[ 20.058971, 9.288438, 20.491985, 9.038438, 18.06603, 4.8365617, 17.633017, 5.086561 ],
	[ 13.858084, 12.1875, 13.858083, 11.687502, 18.579422, 11.687501, 18.57942, 12.187501 ],
	[ 18.142868, 11.808913, 18.57588, 11.558914, 19.482132, 13.128586, 19.049118, 13.378584 ],
	[ 13.466715, 13.351162, 13.033703, 13.101161, 13.908284, 11.586341, 14.341297, 11.836342 ]
],
"spikedPlatformPos": [
	[ 24.513016, 8.734785, 24.946032, 8.984787, 22.799484, 12.702717, 22.366468, 12.452715 ],
	[ 9.3720665, 5.4062495, 9.3720665, 4.9062495, 17.690437, 4.9062495, 17.690437, 5.40625 ],
	[ 17.694328, 5.4250736, 17.261314, 5.1750736, 18.61817, 2.8249264, 19.051186, 3.0749261 ],
	[ 8.560256, 7.34375, 8.127243, 7.0937495, 9.364779, 4.9502754, 9.7977915, 5.2002754 ],
	[ 7.2812495, 9.71875, 7.28125, 9.21875, 12.407775, 9.21875, 12.407774, 9.71875 ],
	[ 12.3926325, 9.71946, 11.9596195, 9.46946, 12.3573675, 8.78054, 12.79038, 9.030541 ],
	[ 16.926613, 4.85182, 17.359627, 4.6018195, 19.948381, 9.085678, 19.51537, 9.335678 ],
	[ 18.384565, 11.707711, 17.951551, 11.457711, 19.490435, 8.792285, 19.923449, 9.042285 ],
	[ 13.92165, 11.8125, 13.92165, 11.312501, 18.26585, 11.312501, 18.26585, 11.8125 ]
],
"honeyPatchPos": [
	[ 14.856773, 10.828124, 13.950523, 10.296875, 13.700523, 8.671875, 15.138023, 8.171875, 16.513023, 8.984375, 16.294271, 10.609375 ]
],
"background":
  [20.76314, 17.25, 11.23686, 17.25, 6.47372, 9.0, 11.236863, 0.74999905, 20.76314, 0.75000006, 25.526281, 8.999998]
}