{
"goalPos": [ 17.4375, 6.84375 ],
"playerPos": [ 12.65625, 15.0625 ],
"groundedBeePos": [],
"flyingBeePos": [],
"platformPos": [
	[ 20.76314, 17.25, 20.330128, 17, 25.093275, 8.749999, 25.52628, 9 ],
	[ 11.236859, 17.25, 11.236859, 16.75, 20.763142, 16.75, 20.76314, 17.25 ],
	[ 6.47372, 9, 6.906733, 8.75, 11.669871, 17, 11.236859, 17.25 ],
	[ 11.236863, 0.74999917, 11.669875, 0.99999905, 6.906733, 9.249998, 6.4737215, 8.999997 ],
	[ 20.76314, 0.75000006, 20.76314, 1.2499999, 11.23686, 1.25, 11.23686, 0.75000006 ],
	[ 25.526281, 8.999998, 25.093267, 9.249998, 20.33019, 1.0000007, 20.763075, 0.7499967 ],
	[ 10.125, 14.78125, 10.125, 14.281251, 17.88564, 14.281249, 17.88564, 14.781251 ],
	[ 17.625, 14.75, 17.624998, 14.25, 19.159117, 14.249999, 19.159117, 14.750002 ],
	[ 20.483608, 4.5402193, 20.9166, 4.790216, 18.328901, 9.272278, 17.895884, 9.022282 ],
	[ 16, 5.406253, 16, 4.90625, 20.408024, 4.90625, 20.408024, 5.4062495 ]
],
"spikedPlatformPos": [
	[ 19.32417, 14.581312, 18.891157, 14.331313, 20.17583, 12.106188, 20.608845, 12.356189 ],
	[ 23.07969, 6.6102257, 23.512705, 6.360226, 25.04531, 9.014774, 24.612297, 9.264774 ],
	[ 18.483047, 9.406251, 18.483053, 8.906252, 23.079454, 8.906247, 23.079454, 9.406248 ],
	[ 23.016953, 8.562502, 23.016953, 9.062498, 18.420547, 9.062498, 18.420546, 8.562502 ],
	[ 24.675264, 8.855092, 25.10828, 9.105085, 20.574736, 16.957409, 20.141718, 16.707401 ],
	[ 23.1526, 12.082339, 22.719587, 12.332337, 21.722397, 10.605159, 22.15541, 10.35516 ],
	[ 21.37865, 10.792661, 21.811665, 10.542658, 22.808853, 12.269841, 22.37584, 12.519842 ],
	[ 20.61026, 12.272903, 20.177246, 12.5229025, 18.202244, 9.102098, 18.635256, 8.8520975 ],
	[ 11.468533, 1.6249998, 11.468533, 1.125, 20.4375, 1.125, 20.4375, 1.625 ],
	[ 7.3102565, 9.40625, 6.8772435, 9.15625, 11.497015, 1.1545715, 11.930027, 1.4045714 ],
	[ 10.479012, 14.150976, 10.045998, 14.400976, 7.0209966, 9.161521, 7.4540076, 8.911521 ],
	[ 15.783686, 4.603595, 16.216698, 4.853595, 13.341315, 9.833904, 12.908302, 9.583901 ],
	[ 20.703125, 4.53125, 20.703125, 5.0312476, 15.921875, 5.0312495, 15.921876, 4.53125 ],
	[ 13.713695, 9.903184, 13.2806835, 9.653185, 15.911304, 5.0968156, 16.344316, 5.3468146 ],
	[ 19.031279, 13.90625, 19.03128, 14.406246, 10.218721, 14.40625, 10.218726, 13.906245 ],
	[ 19.894579, 11.981188, 20.327597, 12.231184, 19.042921, 14.456311, 18.609907, 14.20631 ],
	[ 17.952246, 9.2895975, 18.385254, 9.039597, 20.360256, 12.460401, 19.927244, 12.710404 ]
],
"honeyPatchPos": [
	[ 20.278898, 16.669018, 22.872648, 12.29402, 22.841398, 12.137772, 22.31015, 12.294017, 22.216394, 12.106519, 22.216398, 11.856519, 21.560148, 10.856521, 21.62265, 10.76277, 21.997648, 10.54402, 22.966398, 12.07527, 24.685148, 9.20027, 23.372643, 6.6065183, 22.997648, 7.1377697, 23.060152, 7.4190183, 22.997648, 7.7315197, 22.778898, 7.981521, 22.747648, 8.23152, 22.872648, 8.51277, 22.810148, 8.762769, 22.997648, 9.169019, 22.7789, 9.35652, 22.685148, 9.26277, 18.7164, 9.262769, 20.403898, 12.262769, 19.216398, 14.387771, 19.122648, 14.70027, 19.216398, 15.075271, 19.466398, 15.294019, 19.466398, 15.60652, 19.622648, 16.01277, 19.872648, 16.13777, 19.935148, 16.419018, 20.247648, 16.76277 ],
	[ 14.383335, 12.435417, 13.977084, 12.279168, 13.633336, 11.904168, 13.883333, 11.279167, 14.445836, 11.122916, 15.102084, 11.341667, 15.133335, 12.372918 ],
	[ 13.9375, 3.7499998, 13.375, 3.21875, 13.5, 2.53125, 14.4375, 2.2812505, 15.125006, 2.906251, 14.9375, 3.625, 14.3125, 3.8125 ]
],
"background": [ 20.76314, 17.25, 11.236859, 17.25, 6.47372, 9, 11.236863, 0.74999917, 20.76314, 0.75000006, 25.526281, 8.999998 ]
}