{
"goalPos": [ 16, 9 ],
"playerPos": [ 12, 2 ],
"groundedBeePos": [],
"flyingBeePos": [],
"platformPos": [
	[ 20.76314, 17.25, 20.330128, 17, 25.09327, 8.750001, 25.52628, 9 ],
	[ 11.236859, 17.25, 11.236859, 16.75, 20.763142, 16.75, 20.76314, 17.25 ],
	[ 6.47372, 9, 6.906733, 8.75, 11.669871, 17, 11.236859, 17.25 ],
	[ 11.236863, 0.7499991, 11.669875, 0.99999905, 6.906733, 9.249998, 6.4737215, 8.999997 ],
	[ 20.76314, 0.75000006, 20.76314, 1.2499999, 11.23686, 1.25, 11.23686, 0.75 ],
	[ 25.526281, 8.999998, 25.093267, 9.249998, 20.330128, 0.9999991, 20.763138, 0.749999 ],
	[ 10.281251, 3.53125, 10.28125, 3.03125, 18.156248, 3.03125, 18.156252, 3.5312502 ],
	[ 12.279007, 9.90625, 11.845993, 9.65625, 13.893287, 6.1102347, 14.326299, 6.360235 ],
	[ 14.000001, 6.625, 14, 6.1249995, 23.645273, 6.1249995, 23.645271, 6.625 ],
	[ 11.845994, 9.875, 12.279006, 9.625, 14.075337, 12.736339, 13.642325, 12.986338 ],
	[ 13.937499, 13.15625, 13.9375, 12.65625, 18.2826, 12.65625, 18.282598, 13.15625 ],
	[ 18.466507, 13.000001, 18.033493, 12.750001, 19.797527, 9.694603, 20.230541, 9.944604 ],
	[ 8.060256, 10.84375, 7.627244, 10.59375, 9.484254, 7.377315, 9.917266, 7.6273146 ],
	[ 9.78125, 7.8125005, 9.78125, 7.3124995, 11.501136, 7.3125, 11.501136, 7.8125 ],
	[ 14.060256, 13.125, 13.627242, 12.875, 13.697121, 12.753971, 14.130135, 13.003968 ],
	[ 15.1875, 15.3125, 15.1875, 14.8125, 19.171108, 14.812501, 19.171108, 15.312499 ],
	[ 19.372757, 15, 18.939743, 14.75, 23.571602, 6.7273884, 24.004614, 6.9773884 ],
	[ 18.877243, 8.678086, 19.310257, 8.428086, 20.091507, 9.78125, 19.658493, 10.031251 ]
],
"spikedPlatformPos": null,
"honeyPatchPos": null,
"background": [ 20.76314, 17.25, 11.236859, 17.25, 6.47372, 9, 11.236863, 0.7499991, 20.76314, 0.75000006, 25.526281, 8.999998 ]
}