{
"goalPos": [ 19, 15.375 ],
"playerPos": [ 13.6875, 14.9375 ],
"groundedBeePos": [
	[ 14.5625, 6.115931 ],
	[ 17.71875, 6.09375 ],
	[ 16.9375, 13.34375 ]
],
"flyingBeePos": [
	[ 13.44132, 10.284064 ]
],
"platformPos": [
	[ 20.76314, 17.25, 20.330128, 17, 25.093275, 8.749999, 25.52628, 9 ],
	[ 11.236859, 17.25, 11.236859, 16.75, 20.763142, 16.75, 20.76314, 17.25 ],
	[ 6.47372, 9, 6.906733, 8.75, 11.669871, 17, 11.236859, 17.25 ],
	[ 11.236863, 0.74999917, 11.669875, 0.99999905, 6.906733, 9.249998, 6.4737215, 8.999997 ],
	[ 20.76314, 0.75000006, 20.76314, 1.2499999, 11.23686, 1.25, 11.23686, 0.75000006 ],
	[ 25.526281, 8.999998, 25.093267, 9.249998, 20.33018, 1.0000004, 20.763086, 0.74999714 ],
	[ 14.266858, 14.48629, 14.699871, 14.23629, 15.545644, 15.701213, 15.112633, 15.951211 ],
	[ 15.234374, 16.093752, 15.234375, 15.59375, 17.203125, 15.59375, 17.203125, 16.09375 ],
	[ 17.248175, 16.038296, 16.815163, 15.788298, 17.689323, 14.274202, 18.122341, 14.524201 ],
	[ 14.390279, 13.124999, 14.390279, 12.625, 20.734722, 12.625, 20.734722, 13.124996 ],
	[ 12.982411, 11.499999, 12.98241, 10.999999, 19.080086, 11, 19.080086, 11.5 ],
	[ 19.116499, 11.23512, 18.683485, 10.985117, 19.821001, 9.01488, 20.254013, 9.264879 ],
	[ 13.444004, 9.25, 13.444004, 8.749999, 20.305994, 8.750001, 20.305994, 9.25 ],
	[ 12.081585, 6.8155084, 12.5146, 6.5655103, 13.918413, 8.996991, 13.485402, 9.246992 ],
	[ 11.053874, 6.9273176, 10.620864, 6.677316, 11.258624, 5.5726833, 11.691636, 5.8226833 ],
	[ 11.358946, 5.8749995, 11.358946, 5.375, 20.453554, 5.375, 20.453554, 5.8750005 ],
	[ 19.985653, 5.585211, 20.418669, 5.33521, 22.701843, 9.289787, 22.26883, 9.539787 ],
	[ 20.966505, 13.062501, 20.533495, 12.812499, 21.694487, 10.801604, 22.127499, 11.051603 ],
	[ 11.725829, 7.915666, 11.292818, 8.1656685, 10.524172, 6.8343287, 10.957183, 6.5843296 ],
	[ 17.75, 14.8125, 17.75, 14.312499, 19.908289, 14.3125, 19.908289, 14.8125 ],
	[ 16.877243, 15.906249, 17.310257, 15.656248, 17.85265, 16.595701, 17.419636, 16.845701 ],
	[ 12.285887, 13.095733, 11.852875, 12.845733, 12.901613, 11.029264, 13.334623, 11.279263 ],
	[ 12.858847, 14.687501, 12.858849, 14.187502, 14.703656, 14.187502, 14.703656, 14.687499 ],
	[ 11.814746, 12.906249, 12.247755, 12.65625, 13.248855, 14.390202, 12.815842, 14.6402025 ]
],
"spikedPlatformPos": [
	[ 20.51573, 16.312502, 20.515736, 16.812498, 11.484268, 16.812498, 11.484264, 16.3125 ],
	[ 10.507376, 13.950108, 10.074358, 14.2001095, 6.99263, 8.862391, 7.425643, 8.612391 ],
	[ 11.5625, 4.4375, 11.5625, 3.9374993, 16.094181, 3.9375, 16.094181, 4.4375 ],
	[ 16.015848, 3.5624979, 16.015848, 4.0625024, 11.609155, 4.0624995, 11.609155, 3.5624993 ],
	[ 15.78125, 1.6249975, 15.78125, 1.125, 20.5, 1.1249998, 20.5, 1.6249998 ],
	[ 20.18928, 1.456895, 20.622292, 1.2068946, 22.873215, 5.105606, 22.440203, 5.3556056 ],
	[ 19.34375, 4.875, 19.34375, 5.3749986, 16.78125, 5.3750014, 16.78125, 4.874999 ],
	[ 21.733324, 11.46875, 21.733328, 10.968751, 23.829172, 10.96875, 23.829172, 11.46875 ],
	[ 23.843864, 10.656251, 23.843866, 11.156252, 21.718634, 11.156248, 21.718636, 10.656252 ],
	[ 8.968628, 8.25, 8.968628, 7.750002, 10.968872, 7.750003, 10.968872, 8.250002 ],
	[ 10.937623, 7.4375024, 10.937623, 7.9374995, 8.93738, 7.937498, 8.93738, 7.437499 ]
],
"honeyPatchPos": [
	[ 10.963024, 13.003642, 11.275523, 13.222391, 11.744276, 13.159891, 11.681776, 12.722391, 11.588024, 12.034889, 11.588027, 11.659891, 11.900525, 11.284891, 11.650526, 10.75364, 11.806774, 10.128641, 11.775526, 9.222391, 11.588024, 8.878641, 11.681775, 8.347389, 11.213025, 8.253639, 10.963026, 8.628642, 10.838024, 9.12864, 11.056776, 9.69114, 10.806774, 10.128642, 11.119274, 10.722391, 10.931775, 11.22239, 11.088024, 11.87864, 10.775527, 12.441141, 11.025525, 12.941141 ],
	[ 18.09375, 3.90625, 19.09375, 3.906249, 19.4375, 3.2812505, 19.21875, 2.84375, 18.40625, 2.8437502, 17.875, 3.4062502 ],
	[ 12.875, 7.40625, 12.53125, 6.6875, 12.312501, 6.4999995, 12.25, 6.34375, 12.1875, 6, 12.25, 5.90625, 12.34375, 5.875, 12.875, 5.84375, 13.09375, 6.0000005, 13.1875, 6.125, 13.1875, 6.3750005, 13.0625, 6.625, 13.0625, 6.875, 13.09375, 7.03125, 13, 7.4687495 ],
	[ 15.1875, 3, 14.781235, 3.0624983, 14.46875, 2.96875, 14.343749, 2.5312498, 14.6875, 2.3124998, 15.3125, 2.21875, 15.8125, 2.4375024, 15.656259, 2.8125 ],
	[ 21.627977, 11.074404, 21.534225, 10.730654, 21.502975, 10.480654, 21.534225, 10.199405, 21.690475, 9.949406, 21.784225, 9.668155, 21.815475, 9.324405, 22.002975, 9.168155, 22.065474, 9.105654, 22.252975, 9.449405, 22.565475, 9.386905, 22.62798, 9.636903, 22.53423, 9.824405, 22.440475, 10.011905, 22.377975, 10.324405, 22.31548, 10.605657 ]
],
"background": [ 20.76314, 17.25, 11.236859, 17.25, 6.47372, 9, 11.236863, 0.74999917, 20.76314, 0.75000006, 25.526281, 8.999998 ],
"ballPos": [
	[ 13.6875, 12.09375 ]
]
}