{
"goalPos": [ 16, 9 ],
"playerPos": [ 19.6875, 1.65625 ],
"groundedBeePos": [],
"flyingBeePos": [
	[ 15.96546, 13.13427 ],
	[ 11.82961, 2.5403128 ]
],
"platformPos": [
	[ 20.76314, 17.25, 20.330128, 17, 25.093275, 8.749999, 25.52628, 9 ],
	[ 11.236859, 17.25, 11.236859, 16.75, 20.763142, 16.75, 20.76314, 17.25 ],
	[ 6.47372, 9, 6.906733, 8.75, 11.669871, 17, 11.236859, 17.25 ],
	[ 11.236863, 0.74999917, 11.669875, 0.99999905, 6.906733, 9.249998, 6.4737215, 8.999997 ],
	[ 20.76314, 0.75000006, 20.76314, 1.2499999, 11.23686, 1.25, 11.23686, 0.75000006 ],
	[ 25.526281, 8.999998, 25.093267, 9.249998, 20.330158, 0.99999994, 20.763107, 0.7499979 ],
	[ 15.399349, 11.074468, 14.966338, 11.324469, 13.725649, 9.175535, 14.15866, 8.925535 ],
	[ 17.935087, 8.988033, 18.3681, 9.238032, 17.127415, 11.386969, 16.694399, 11.136968 ],
	[ 16.7569, 7.3317823, 17.18991, 7.0817823, 18.4306, 9.230717, 17.997585, 9.480716 ],
	[ 14.696813, 7.6250014, 14.696812, 7.125002, 17.178186, 7.125, 17.178186, 7.6250014 ],
	[ 14.091507, 9.312499, 13.658494, 9.0625, 14.715926, 7.2309723, 15.148939, 7.4809713 ],
	[ 8.683953, 11.463673, 8.250941, 11.213672, 9.941045, 8.286328, 10.374057, 8.536328 ],
	[ 11.278136, 6.910441, 10.845123, 6.660442, 13.159356, 2.6520565, 13.592377, 2.9020586 ],
	[ 13.186068, 3.2187495, 13.186071, 2.7187502, 21.563911, 2.7187471, 21.563932, 3.2187502 ],
	[ 9.839443, 9.65625, 9.839444, 9.156251, 13.473054, 9.156249, 13.473055, 9.65625 ],
	[ 16.063272, 14.562498, 16.063272, 14.062498, 22.061726, 14.062498, 22.061731, 14.562502 ]
],
"spikedPlatformPos": [
	[ 17.440691, 6.687502, 17.44069, 7.1875, 14.684307, 7.187499, 14.684306, 6.6875 ],
	[ 17.464912, 11.631052, 17.0319, 11.381052, 18.410091, 8.993955, 18.843105, 9.243954 ],
	[ 13.250648, 9.2752, 13.683656, 9.0252, 15.061852, 11.412298, 14.628837, 11.6623 ],
	[ 18.811853, 9.0998, 18.378841, 9.3498, 17.000652, 6.962701, 17.433662, 6.7127 ],
	[ 13.668516, 8.75, 13.668517, 9.249999, 9.893985, 9.249998, 9.893985, 8.749999 ]
],
"honeyPatchPos": [
	[ 15.847654, 5.773437, 15.160154, 5.585939, 15.003904, 5.023439, 15.003909, 4.4609385, 15.441404, 4.054689, 16.316404, 4.023438, 16.972654, 4.3046865, 17.410154, 4.8984375, 17.347664, 5.5546875, 16.566404, 5.835938 ],
	[ 9.169642, 9.997023, 8.857143, 9.247023, 8.513392, 8.840773, 8.3258915, 8.497023, 8.200893, 7.965772, 7.857142, 7.7157717, 7.732143, 7.7157717, 7.0446415, 9.059523, 8.294642, 11.122023 ],
	[ 19.31814, 14.608194, 18.818745, 15.618209, 18.748169, 16.308475, 18.87736, 16.594734, 19.634308, 16.843315, 20.579578, 16.73057, 21.702255, 14.675101, 21.693884, 14.5356045 ]
],
"background": [ 20.76314, 17.25, 11.236859, 17.25, 6.47372, 9, 11.236863, 0.74999917, 20.76314, 0.75000006, 25.526281, 8.999998 ]
}