{
"goalPos": [ 11.6875, 14.25 ],
"playerPos": [ 21.031248, 5.701874 ],
"groundedBeePos": [
	[ 15.871056, 6.408195 ]
],
"flyingBeePos": [],
"platformPos": [
	[ 20.76314, 17.25, 20.330128, 17, 25.093275, 8.749999, 25.52628, 9 ],
	[ 11.236859, 17.25, 11.236859, 16.75, 20.763142, 16.75, 20.76314, 17.25 ],
	[ 6.47372, 9, 6.906733, 8.75, 11.669871, 17, 11.236859, 17.25 ],
	[ 11.236863, 0.74999917, 11.669875, 0.99999905, 6.906733, 9.249998, 6.4737215, 8.999997 ],
	[ 20.76314, 0.75000006, 20.76314, 1.2499999, 11.23686, 1.25, 11.23686, 0.75000006 ],
	[ 25.526281, 8.999998, 25.093267, 9.249998, 20.330147, 0.99999964, 20.763119, 0.7499983 ],
	[ 19.373905, 5.5, 19.373905, 4.9999995, 22.938597, 5.000002, 22.938597, 5.5000005 ],
	[ 16.295267, 5.3614664, 16.728285, 5.1114683, 19.017227, 9.076033, 18.584213, 9.326035 ],
	[ 13.369935, 8.33293, 12.936927, 8.082931, 14.692564, 5.042071, 15.125576, 5.29207 ],
	[ 14.827997, 5.5625005, 14.827996, 5.0624995, 16.734505, 5.0625, 16.734505, 5.562498 ],
	[ 8.88829, 12.718751, 8.88829, 12.218751, 17.361708, 12.21875, 17.36171, 12.718751 ]
],
"spikedPlatformPos": [
	[ 24.893213, 8.53125, 24.893213, 9.03125, 18.856787, 9.031249, 18.856785, 8.531251 ],
	[ 19.412138, 8.868899, 18.979128, 9.1189, 16.712856, 5.1936026, 17.145868, 4.9436007 ],
	[ 18.859377, 9.375004, 18.859375, 8.874999, 24.953125, 8.875, 24.953125, 9.374999 ],
	[ 9.208825, 11.8604965, 8.775812, 12.110494, 6.916175, 8.889506, 7.3491893, 8.639505 ],
	[ 17.361204, 11.718754, 17.361202, 12.218755, 8.826292, 12.218754, 8.826292, 11.718754 ],
	[ 24.382402, 9.1000805, 24.815414, 9.350077, 20.492598, 16.837421, 20.059584, 16.587421 ]
],
"honeyPatchPos": [
	[ 17.8125, 4.6866994, 16.874998, 4.499198, 16.6875, 4.2179494, 16.53125, 3.7804513, 16.5625, 3.0929487, 16.749985, 2.7179468, 17.03125, 2.4679494, 17.59375, 2.311699, 18.125, 2.2804487, 18.75, 2.4991994, 19.1875, 2.8429499, 19.34375, 3.1241994, 19.4375, 3.7804494, 19.125004, 4.34295, 18.4375, 4.6867003 ],
	[ 19.501158, 13.7314825, 18.969908, 13.450233, 18.626158, 12.7627325, 18.719908, 11.6377325, 19.282406, 11.4814825, 19.907408, 11.3564825, 20.344908, 11.637733, 20.844906, 12.012733, 21.188658, 12.6377325, 21.18866, 13.200236, 20.251158, 13.762734 ],
	[ 15.191666, 9.934378, 14.754168, 9.840625, 14.5041685, 9.621875, 14.2541685, 9.028125, 14.441667, 8.496874, 14.879168, 8.215625, 15.441667, 8.153125, 16.004168, 8.215625, 16.566668, 8.684377, 16.660418, 9.184374, 16.629168, 9.559374, 15.8166685, 9.996876 ],
	[ 10.782552, 11.022135, 9.626302, 10.865886, 9.220051, 10.178387, 9.282552, 9.365887, 9.751301, 8.990885, 10.563801, 8.709636, 11.376302, 8.928385, 12.0013, 9.428386, 12.095054, 10.178388, 11.282554, 10.897137 ]
],
"background": [ 20.76314, 17.25, 11.236859, 17.25, 6.47372, 9, 11.236863, 0.74999917, 20.76314, 0.75000006, 25.526281, 8.999998 ]
}