{
"goalPos": [ 16, 9 ],
"playerPos": [ 12.25, 1.65625 ],
"groundedBeePos": [
	[ 22.78125, 6.1875 ],
	[ 23.78125, 7.6875 ]
],
"flyingBeePos": [
	[ 19.96875, 14.84375 ],
	[ 23.381731, 8.88432 ],
	[ 17.140255, 8.939053 ],
	[ 16.670889, 10.1937275 ],
	[ 15.675522, 9.088708 ],
	[ 15.016002, 10.107066 ],
	[ 14.09375, 8.625 ],
	[ 15.176549, 7.863618 ],
	[ 16.39849, 8.197906 ],
	[ 18.28619, 9.984667 ],
	[ 17.77999, 7.617085 ],
	[ 19.182266, 7.726737 ],
	[ 17.354393, 11.591945 ],
	[ 19.574772, 9.031827 ],
	[ 19.021107, 10.784354 ],
	[ 15.678494, 12.161886 ],
	[ 18.099083, 12.285082 ],
	[ 15.925894, 10.787293 ],
	[ 15.989351, 6.9034348 ],
	[ 18.461967, 8.58883 ],
	[ 20.343029, 8.139562 ],
	[ 18.50248, 6.7482524 ],
	[ 19.90305, 6.866489 ]
],
"platformPos": [
	[ 20.76314, 17.25, 20.330128, 17, 25.093275, 8.749999, 25.52628, 9 ],
	[ 11.236859, 17.25, 11.236859, 16.75, 20.763142, 16.75, 20.76314, 17.25 ],
	[ 6.47372, 9, 6.906733, 8.75, 11.669871, 17, 11.236859, 17.25 ],
	[ 11.236863, 0.74999917, 11.669875, 0.99999905, 6.906733, 9.249998, 6.4737215, 8.999997 ],
	[ 20.76314, 0.75000006, 20.76314, 1.2499999, 11.23686, 1.25, 11.23686, 0.75000006 ],
	[ 25.526281, 8.999998, 25.093267, 9.249998, 20.330145, 0.9999996, 20.76312, 0.7499984 ],
	[ 18.937933, 3.3749971, 18.937931, 3.8750005, 9.874569, 3.8749993, 9.874569, 3.3749976 ],
	[ 22.059109, 8.487839, 21.62609, 8.737837, 18.753391, 3.7621632, 19.186409, 3.5121663 ],
	[ 19.00952, 13.756827, 18.576506, 13.506826, 21.615479, 8.243174, 22.048492, 8.493172 ],
	[ 14.171672, 13.71875, 14.171672, 13.21875, 19.015825, 13.218751, 19.015827, 13.718753 ],
	[ 6.78125, 9.25, 6.78125, 8.75, 12.97159, 8.75, 12.97159, 9.250001 ],
	[ 12.374812, 8.954521, 12.807823, 8.704522, 13.437689, 9.795478, 13.004677, 10.045477 ],
	[ 12.966507, 8.96875, 12.533492, 8.71875, 14.41642, 5.4574265, 14.849432, 5.7074265 ],
	[ 14.390625, 6.0000005, 14.390621, 5.4999986, 20.046873, 5.5000005, 20.046875, 5.999998 ],
	[ 13.503417, 12.554517, 13.93643, 12.304516, 14.559081, 13.382979, 14.126071, 13.63298 ],
	[ 7.997756, 10.6875, 7.564743, 10.437501, 8.438907, 8.923406, 8.871919, 9.173407 ]
],
"spikedPlatformPos": [
	[ 7.705829, 8.783438, 7.272816, 8.533436, 9.98167, 3.8415627, 10.414685, 4.0915637 ],
	[ 10.135061, 4.3125, 10.135061, 3.8124993, 18.73994, 3.8125005, 18.73994, 4.3125005 ],
	[ 18.473806, 4.0138497, 18.90682, 3.7638514, 19.901186, 5.4861484, 19.468172, 5.73615 ],
	[ 14.046543, 5.174475, 14.479555, 5.424473, 12.515958, 8.825524, 12.082947, 8.575525 ],
	[ 12.516022, 8.374997, 12.516021, 8.875002, 6.983978, 8.874999, 6.983978, 8.375 ],
	[ 19.424904, 5.125001, 19.424904, 5.6249976, 14.262596, 5.624998, 14.262596, 5.125 ]
],
"honeyPatchPos": null,
"background": [ 20.76314, 17.25, 11.236859, 17.25, 6.47372, 9, 11.236863, 0.74999917, 20.76314, 0.75000006, 25.526281, 8.999998 ],
"ballPos": [
	[ 14.522835, 1.6540939 ]
]
}