{
"goalPos": [ 16, 9 ],
"playerPos": [ 12.915518, 1.8709574 ],
"groundedBeePos": [
	[ 18.875, 1.71875 ],
	[ 10.71875, 5.375 ],
	[ 17.524883, 4.038425 ]
],
"flyingBeePos": [],
"platformPos": [
	[ 20.76314, 17.25, 20.330128, 17, 25.093275, 8.749999, 25.52628, 9 ],
	[ 11.236859, 17.25, 11.236859, 16.75, 20.763142, 16.75, 20.76314, 17.25 ],
	[ 6.47372, 9, 6.906733, 8.75, 11.669871, 17, 11.236859, 17.25 ],
	[ 11.236863, 0.74999917, 11.669875, 0.99999905, 6.906733, 9.249998, 6.4737215, 8.999997 ],
	[ 20.76314, 0.75000006, 20.76314, 1.2499999, 11.23686, 1.25, 11.23686, 0.75000006 ],
	[ 25.526281, 8.999998, 25.093267, 9.249998, 20.330137, 0.9999994, 20.763128, 0.7499986 ],
	[ 13.051114, 8.771103, 13.484124, 8.521102, 15.011385, 11.166395, 14.578372, 11.416393 ],
	[ 14.623008, 11.40625, 14.623009, 10.90625, 17.689493, 10.906248, 17.689491, 11.40625 ],
	[ 17.711664, 11.245523, 17.27865, 10.995525, 17.85083, 10.004476, 18.283846, 10.254476 ],
	[ 14.402269, 1.1270796, 14.835281, 0.8770795, 15.410234, 1.8729206, 14.977219, 2.1229196 ],
	[ 15.078122, 2.25, 15.078122, 1.7499996, 16.234375, 1.7499994, 16.234375, 2.250001 ],
	[ 16.232834, 3.8437498, 16.232828, 3.3437488, 18.767168, 3.3437498, 18.767168, 3.843751 ],
	[ 18.329271, 3.58109, 18.762285, 3.3310897, 21.483234, 8.043912, 21.05022, 8.29391 ],
	[ 21.050552, 7.8014994, 21.483566, 8.051497, 18.51194, 13.198505, 18.078928, 12.9485035 ],
	[ 9.25, 4.90625, 9.25, 4.4062495, 13.415755, 4.40625, 13.415755, 4.90625 ],
	[ 16.164864, 4.4142103, 15.731851, 4.1642103, 16.210138, 3.33579, 16.643152, 3.5857909 ],
	[ 16.335281, 2.122921, 15.902271, 1.872921, 16.477219, 0.87707615, 16.910233, 1.127079 ],
	[ 14.609626, 6.146106, 15.042636, 6.396103, 13.515375, 9.041397, 13.082365, 8.791395 ],
	[ 17.689491, 6.218754, 17.689493, 6.718752, 14.623007, 6.7187557, 14.623009, 6.218753 ],
	[ 18.252598, 7.2767744, 17.819586, 7.5267763, 17.247402, 6.5357285, 17.680414, 6.2857275 ]
],
"spikedPlatformPos": null,
"honeyPatchPos": null,
"background": [ 20.76314, 17.25, 11.236859, 17.25, 6.47372, 9, 11.236863, 0.74999917, 20.76314, 0.75000006, 25.526281, 8.999998 ]
}