{
"goalPos": [ 10.4375, 6.25 ],
"playerPos": [ 12.3125, 1.90625 ],
"groundedBeePos": [],
"flyingBeePos": [
	[ 19.96875, 7.09375 ],
	[ 16.46875, 10.84375 ],
	[ 10.53125, 11.8125 ]
],
"platformPos": [
	[ 20.76314, 17.25, 20.330128, 17, 25.093275, 8.749999, 25.52628, 9 ],
	[ 11.236859, 17.25, 11.236859, 16.75, 20.763142, 16.75, 20.76314, 17.25 ],
	[ 6.47372, 9, 6.906733, 8.75, 11.669871, 17, 11.236859, 17.25 ],
	[ 11.236863, 0.74999917, 11.669875, 0.99999905, 6.906733, 9.249998, 6.4737215, 8.999997 ],
	[ 20.76314, 0.75000006, 20.76314, 1.2499999, 11.23686, 1.25, 11.23686, 0.75000006 ],
	[ 25.526281, 8.999998, 25.093267, 9.249998, 20.330143, 0.9999995, 20.763123, 0.74999845 ],
	[ 17.35056, 7.896971, 17.783573, 7.64697, 20.21194, 11.853029, 19.778929, 12.103029 ],
	[ 13.295511, 8.15625, 13.29551, 7.656251, 17.76699, 7.656251, 17.766994, 8.156251 ],
	[ 17.307556, 4.6565056, 16.874544, 4.9065056, 14.817443, 1.3434954, 15.25045, 1.0934905 ],
	[ 22.67204, 4.40625, 22.672043, 4.906248, 16.827961, 4.9062457, 16.82796, 4.406248 ],
	[ 10.209775, 2.765865, 10.642787, 2.5158648, 13.727725, 7.8591356, 13.294712, 8.109136 ]
],
"spikedPlatformPos": [
	[ 14.455245, 1.638548, 14.888253, 1.3885474, 16.857254, 4.798952, 16.42424, 5.048952 ],
	[ 17.824034, 9.079795, 18.257046, 8.829797, 20.113466, 12.045209, 19.68045, 12.295202 ],
	[ 20.457216, 11.826454, 20.024206, 12.076455, 18.167786, 8.861042, 18.600801, 8.611048 ]
],
"honeyPatchPos": null,
"background": [ 20.76314, 17.25, 11.236859, 17.25, 6.47372, 9, 11.236863, 0.74999917, 20.76314, 0.75000006, 25.526281, 8.999998 ]
}