{
"goalPos": [ 9.40625, 7.96875 ],
"playerPos": [ 11.713826, 3.7931356 ],
"groundedBeePos": [
	[ 16.353888, 1.6270366 ],
	[ 16.125, 12.40625 ]
],
"flyingBeePos": [
	[ 16.21875, 14.46875 ]
],
"platformPos": [
	[ 20.76314, 17.25, 20.330128, 17, 25.093275, 8.749999, 25.52628, 9 ],
	[ 11.236859, 17.25, 11.236859, 16.75, 20.763142, 16.75, 20.76314, 17.25 ],
	[ 6.47372, 9, 6.906733, 8.75, 11.669871, 17, 11.236859, 17.25 ],
	[ 11.236863, 0.74999917, 11.669875, 0.99999905, 6.906733, 9.249998, 6.4737215, 8.999997 ],
	[ 20.76314, 0.75000006, 20.76314, 1.2499999, 11.23686, 1.25, 11.23686, 0.75000006 ],
	[ 25.526281, 8.999998, 25.093267, 9.249998, 20.330141, 0.99999946, 20.763124, 0.7499985 ],
	[ 10.218749, 3.4687495, 10.218753, 2.9687514, 13.71875, 2.9687495, 13.718754, 3.468751 ],
	[ 18.40481, 2.713471, 18.837822, 2.9634724, 17.53269, 5.224026, 17.099676, 4.9740267 ],
	[ 12.34446, 8.78125, 12.344461, 9.281251, 6.843039, 9.281252, 6.8430405, 8.78125 ],
	[ 18.785507, 11.950157, 18.352493, 11.700161, 20.026995, 8.799837, 20.460009, 9.049838 ],
	[ 20.491985, 9.038438, 20.058971, 9.288438, 17.633017, 5.086561, 18.06603, 4.8365607 ],
	[ 13.858085, 12.1875, 13.858083, 11.687503, 18.579422, 11.6875, 18.57942, 12.187501 ],
	[ 18.174118, 11.840165, 18.607132, 11.590167, 19.513382, 13.159838, 19.080368, 13.409836 ],
	[ 13.435464, 13.41366, 13.002455, 13.163659, 13.877036, 11.64884, 14.31005, 11.898838 ]
],
"spikedPlatformPos": [
	[ 24.513018, 8.734785, 24.946032, 8.984787, 22.799482, 12.702716, 22.366468, 12.452716 ],
	[ 9.247066, 5.5937495, 9.247065, 5.0937495, 17.565435, 5.0937495, 17.565434, 5.593749 ],
	[ 17.85058, 5.4563227, 17.417566, 5.206322, 18.77442, 2.8561764, 19.207436, 3.1061764 ],
	[ 8.410238, 7.5092373, 7.9772253, 7.259237, 9.214761, 5.115763, 9.647774, 5.3657627 ],
	[ 7.2812495, 9.71875, 7.28125, 9.21875, 12.407776, 9.218751, 12.407774, 9.71875 ],
	[ 12.3926325, 9.71946, 11.9596195, 9.46946, 12.3573675, 8.78054, 12.790379, 9.030541 ],
	[ 19.490437, 8.792292, 19.92345, 9.042292, 18.384567, 11.707718, 17.951551, 11.457716 ],
	[ 18.3596, 11.21875, 18.359598, 11.718749, 14.015401, 11.718749, 14.015402, 11.218749 ],
	[ 17.158493, 5.28125, 17.591507, 5.03125, 19.892683, 9.017004, 19.45967, 9.267004 ],
	[ 17.627934, 4.718749, 17.627937, 5.21875, 9.309565, 5.21875, 9.3095665, 4.718749 ]
],
"honeyPatchPos": [
	[ 14.375, 10.312501, 13.937501, 10.03125, 13.781249, 9.78125, 13.687501, 9.437501, 13.781249, 9.062502, 13.65625, 8.749999, 13.4375, 8.374999, 13.343751, 8.0625, 13.46875, 7.8437505, 13.8125, 7.46875, 13.96875, 7.4375, 14.374999, 7.406249, 14.718749, 7.5937495, 14.9375, 7.6875, 15.156249, 7.6249995, 15.343749, 7.5624995, 15.6875, 7.59375, 16, 7.78125, 16.21875, 8.000001, 16.375, 7.937499, 16.59375, 8.03125, 16.6875, 8.281251, 16.75, 8.59375, 16.8125, 8.9375, 16.718748, 9.281247, 16.53125, 9.562499, 16.375002, 9.812504, 15.875, 10.1875, 15.40625, 10.343751, 14.812502, 10.374998 ],
	[ 9.968751, 10.781249, 9.4375, 10.9375, 9.09375, 10.875, 8.9375, 10.6875, 8.90625, 10.375, 9.03125, 10.28125, 9.4375, 10.25, 9.468751, 10.03125, 9.656251, 9.90625, 10.125, 9.875, 10.468751, 10.09375, 10.687499, 10.28125, 10.75, 10.84375, 10.406251, 11.09375, 9.968751, 10.781249 ]
],
"background": [ 20.76314, 17.25, 11.236859, 17.25, 6.47372, 9, 11.236863, 0.74999917, 20.76314, 0.75000006, 25.526281, 8.999998 ]
}