{
"goalPos": [ 16, 9 ],
"playerPos": [ 16.03125, 5.59375 ],
"groundedBeePos": [],
"flyingBeePos": [],
"platformPos": [
	[ 20.76314, 17.25, 20.330128, 17, 25.093271, 8.750001, 25.52628, 9 ],
	[ 11.236859, 17.25, 11.236859, 16.75, 20.763142, 16.75, 20.76314, 17.25 ],
	[ 6.47372, 9, 6.906733, 8.75, 11.669871, 17, 11.236859, 17.25 ],
	[ 11.236863, 0.74999917, 11.669875, 0.99999905, 6.906733, 9.249998, 6.4737215, 8.999997 ],
	[ 20.76314, 0.75000006, 20.76314, 1.2499999, 11.23686, 1.25, 11.23686, 0.75000006 ],
	[ 25.526281, 8.999998, 25.093267, 9.249998, 20.33013, 0.99999917, 20.763136, 0.7499989 ],
	[ 13.57676, 9.33676, 14.009773, 9.0867605, 15.060256, 10.90625, 14.627244, 11.156248 ],
	[ 13.966507, 9.53125, 13.533494, 9.28125, 14.565217, 7.4942527, 14.998229, 7.744253 ],
	[ 14.671874, 8.03125, 14.671875, 7.531249, 17.265625, 7.5312495, 17.265625, 8.03125 ],
	[ 16.892868, 7.7464147, 17.325882, 7.496414, 18.232132, 9.066085, 17.799116, 9.316084 ],
	[ 17.270826, 10.896339, 16.837814, 10.646338, 17.752243, 9.0625, 18.185257, 9.312499 ]
],
"spikedPlatformPos": [
	[ 11.499972, 1.5312502, 11.499972, 1.0312501, 20.562527, 1.0312501, 20.562527, 1.5312502 ],
	[ 7.2477565, 9.25, 6.8147435, 9, 11.356784, 1.132956, 11.789796, 1.382956 ],
	[ 17.624998, 7.03125, 17.625002, 7.531249, 14.4375, 7.531251, 14.437501, 7.0312505 ],
	[ 14.300703, 7.120916, 14.733714, 7.370917, 13.574303, 9.379078, 13.141292, 9.129079 ],
	[ 18.76184, 9.109167, 18.328827, 9.359169, 17.30066, 7.57833, 17.733675, 7.3283286 ],
	[ 17.646194, 11.192058, 17.21318, 10.942057, 18.228804, 9.182942, 18.66182, 9.432942 ],
	[ 13.138427, 9.218089, 13.571439, 8.968089, 14.799072, 11.09441, 14.366057, 11.344409 ],
	[ 20.220993, 1.4375, 20.654007, 1.1874998, 25.258799, 9.163233, 24.825785, 9.413233 ],
	[ 24.482147, 8.793943, 24.915165, 9.04394, 20.455353, 16.768559, 20.02234, 16.518555 ],
	[ 20.34375, 16.250002, 20.343748, 16.750002, 11.531251, 16.749998, 11.531251, 16.249998 ],
	[ 11.8972645, 16.50207, 11.464253, 16.75207, 6.915232, 8.872932, 7.348244, 8.622932 ]
],
"honeyPatchPos": [
	[ 14.520834, 4.4236107, 17.552084, 4.4236107, 17.739582, 2.642361, 14.208333, 2.6736112, 14.239584, 3.236111 ],
	[ 8.75, 9.5, 11.53125, 9.4375, 11.71875, 7.5937505, 8.999998, 7.562499, 8.8125, 8.4375 ],
	[ 14.781251, 14.843751, 17.3125, 14.875, 17.53125, 13.031249, 14.468749, 13.125, 14.46875, 13.625001 ],
	[ 19.78906, 9.015626, 20.445312, 7.3906255, 23.507812, 8.109375, 23.664059, 9.421873, 21.726564, 10.203125, 20.976562, 10.203125 ]
],
"background": [ 20.76314, 17.25, 11.236859, 17.25, 6.47372, 9, 11.236863, 0.74999917, 20.76314, 0.75000006, 25.526281, 8.999998 ],
"ballPos": []
}