{
"goalPos": [ 12.21875, 15.125 ],
"playerPos": [ 12, 2 ],
"groundedBeePos": [
	[ 10.53125, 11.78125 ],
	[ 12.125, 10.375 ],
	[ 14.0625, 9.5 ],
	[ 14.65625, 7.46875 ]
],
"flyingBeePos": [
	[ 20.249603, 10.113279 ]
],
"platformPos": [
	[ 20.76314, 17.25, 20.330128, 17, 25.093275, 8.749999, 25.52628, 9 ],
	[ 11.236859, 17.25, 11.236859, 16.75, 20.763142, 16.75, 20.76314, 17.25 ],
	[ 6.47372, 9, 6.906733, 8.75, 11.669871, 17, 11.236859, 17.25 ],
	[ 11.236863, 0.74999917, 11.669875, 0.99999905, 6.906733, 9.249998, 6.4737215, 8.999997 ],
	[ 20.76314, 0.75000006, 20.76314, 1.2499999, 11.23686, 1.25, 11.23686, 0.75000006 ],
	[ 25.526281, 8.999998, 25.093267, 9.249998, 20.33015, 0.99999976, 20.763115, 0.74999815 ],
	[ 21.209461, 15.4375, 21.209465, 15.937503, 17.353035, 15.937497, 17.353037, 15.437501 ],
	[ 16.09375, 5.406249, 16.09375, 4.90625, 17.915922, 4.90625, 17.915922, 5.4062505 ],
	[ 18.029003, 5.46875, 17.595993, 5.21875, 20.019127, 1.0217576, 20.45214, 1.2717576 ],
	[ 20.16059, 4.5339074, 20.593603, 4.783905, 17.276907, 10.528589, 16.843893, 10.278594 ],
	[ 14.394092, 11.968751, 14.394092, 12.468752, 11.855908, 12.468748, 11.8559065, 11.968751 ],
	[ 11.972632, 16.628277, 11.5396185, 16.878277, 9.839868, 13.934221, 10.2728815, 13.684219 ],
	[ 16.93533, 10.152054, 17.36834, 9.902051, 19.50217, 13.597951, 19.069155, 13.847951 ],
	[ 19.456985, 13.500002, 19.456987, 14.000002, 16.230515, 14.000002, 16.230513, 13.500001 ]
],
"spikedPlatformPos": [
	[ 10.308446, 13.790818, 9.875435, 14.040819, 6.941554, 8.959185, 7.374562, 8.709185 ],
	[ 20.587887, 16.249998, 20.587885, 16.750004, 11.474614, 16.75, 11.474613, 16.25 ],
	[ 13.538587, 1.085386, 13.971598, 0.83538586, 16.398912, 5.0396147, 15.965899, 5.2896147 ],
	[ 22.586487, 5.504928, 23.0195, 5.254928, 25.091507, 8.843751, 24.658493, 9.09375 ],
	[ 16.367695, 13.468748, 16.367693, 13.968745, 9.757303, 13.968751, 9.757307, 13.468749 ],
	[ 16.680166, 4.945866, 16.247152, 5.195867, 13.819838, 0.99163824, 14.252851, 0.74163634 ],
	[ 9.757307, 14.21875, 9.757306, 13.718752, 16.367695, 13.71875, 16.367695, 14.218749 ]
],
"honeyPatchPos": [
	[ 15.907639, 4.7430553, 14.907639, 2.9305553, 14.720139, 3.4618049, 14.563889, 3.9618053, 14.282639, 4.3993053, 13.845139, 4.9618053, 13.188888, 5.4618063, 12.907638, 5.836805, 12.532639, 6.618056, 12.063888, 7.211805, 11.3451395, 7.774306, 10.688889, 8.399305, 9.907637, 9.430556, 9.188888, 9.774304, 8.626389, 10.149304, 7.970138, 10.211804, 9.2201395, 12.399306, 9.470138, 11.680555, 9.9076395, 11.024305, 10.3763895, 10.680554, 11.1888895, 10.024305, 11.501389, 9.461804, 11.907639, 9.055555, 12.438888, 8.680555, 13.063888, 8.211805, 13.2201395, 7.868055, 13.688889, 7.3055563, 14.251389, 6.6805553, 14.6888895, 6.0243053, 15.345139, 5.430555, 15.6888895, 5.211807, 16.157639, 5.1493053 ]
],
"background": [ 20.76314, 17.25, 11.236859, 17.25, 6.47372, 9, 11.236863, 0.74999917, 20.76314, 0.75000006, 25.526281, 8.999998 ]
}