{
"goalPos": [ 22.96875, 9.71875 ],
"playerPos": [ 13.625, 1.8125 ],
"groundedBeePos": [],
"flyingBeePos": [],
"platformPos": [
	[ 20.76314, 17.25, 20.330128, 17, 25.093275, 8.749999, 25.52628, 9 ],
	[ 11.236859, 17.25, 11.236859, 16.75, 20.763142, 16.75, 20.76314, 17.25 ],
	[ 6.47372, 9, 6.906733, 8.75, 11.669871, 17, 11.236859, 17.25 ],
	[ 11.236863, 0.74999917, 11.669875, 0.99999905, 6.906733, 9.249998, 6.4737215, 8.999997 ],
	[ 20.76314, 0.75000006, 20.76314, 1.2499999, 11.23686, 1.25, 11.23686, 0.75000006 ],
	[ 25.526281, 8.999998, 25.093267, 9.249998, 20.330175, 1.0000004, 20.76309, 0.74999726 ],
	[ 20.534298, 16.312504, 20.534294, 16.812502, 18.528202, 16.812504, 18.5282, 16.312504 ],
	[ 20.553383, 9.600398, 20.986397, 9.350398, 23.071617, 12.962105, 22.638603, 13.212105 ],
	[ 21.43195, 3.2562988, 21.864975, 3.5063019, 20.06803, 6.6187043, 19.635017, 6.3686996 ]
],
"spikedPlatformPos": [
	[ 15.8129635, 1.0769742, 16.245968, 1.3269752, 11.499545, 9.548026, 11.066531, 9.298025 ],
	[ 11.032827, 9.504534, 11.4658375, 9.254533, 13.842174, 13.370466, 13.4091625, 13.620468 ],
	[ 18.698519, 16.281252, 18.698517, 16.781252, 11.551485, 16.781254, 11.551486, 16.281252 ],
	[ 21.104347, 14.775758, 21.53736, 15.025761, 20.520653, 16.786749, 20.087639, 16.536743 ],
	[ 13.34375, 13.71875, 13.343751, 13.21875, 19.34383, 13.21875, 19.343832, 13.71875 ],
	[ 7.4145074, 9.183056, 6.9814944, 8.933056, 11.522989, 1.066944, 11.956009, 1.3169442 ],
	[ 14.718424, 9.8125, 14.718425, 9.3125, 20.71875, 9.3125, 20.71875, 9.8125 ],
	[ 14.181482, 13.137895, 13.748472, 13.387894, 11.568518, 9.612106, 12.001531, 9.362106 ],
	[ 19.334164, 12.781248, 19.334164, 13.281248, 13.790833, 13.28125, 13.790832, 12.781251 ],
	[ 11.84119, 9.685059, 11.408176, 9.435056, 16.096306, 1.3149425, 16.52934, 1.5649437 ],
	[ 18.863323, 4.369651, 19.296347, 4.619656, 16.511673, 9.442847, 16.07866, 9.192845 ],
	[ 16.024185, 1.6874999, 16.024185, 1.1875, 20.350817, 1.1875001, 20.350815, 1.6875011 ],
	[ 20.077414, 1.4829221, 20.510426, 1.2329221, 21.360086, 2.7045782, 20.927061, 2.9545784 ],
	[ 20.63724, 8.843748, 20.637241, 9.343747, 14.8002615, 9.343751, 14.800263, 8.843748 ],
	[ 21.629583, 4.0934787, 22.062597, 3.8434763, 25.057913, 9.03152, 24.6249, 9.281523 ],
	[ 12.024172, 16.684494, 11.591156, 16.934492, 6.975831, 8.940505, 7.4088407, 8.690506 ],
	[ 20.497757, 6.8437495, 20.064743, 6.59375, 21.814814, 3.5625403, 22.247828, 3.8125403 ],
	[ 23.29955, 12.7280035, 22.866539, 12.978, 20.762957, 9.334495, 21.19597, 9.084495 ],
	[ 16.824175, 9.661598, 16.391155, 9.411597, 19.175827, 4.5884013, 19.60884, 4.838403 ]
],
"honeyPatchPos": [
	[ 10.221955, 3.7892623, 9.440705, 5.008013, 9.690705, 5.258013, 10.065705, 5.633012, 10.534456, 5.789262, 10.846956, 5.8205113, 11.221955, 5.633013, 11.440705, 5.3205123, 11.503205, 5.039263, 11.471954, 4.7267623, 11.346955, 4.5392623, 11.096955, 4.351763, 10.596955, 4.258013, 10.440705, 4.1330123, 10.190705, 3.758013 ],
	[ 11.642357, 10.375, 11.736109, 8.562501, 11.39236, 8.8125, 11.111109, 9.031251, 10.736108, 9.156249, 10.173609, 9.15625, 9.673608, 9.093749, 9.423608, 9.15625, 9.29861, 9.375, 9.298609, 9.749999, 9.673609, 10.09375, 10.204857, 10.15625, 10.579861, 10.09375, 11.704858, 10.3125 ],
	[ 14.629898, 4.478553, 15.598651, 2.7910538, 15.598652, 3.2285542, 15.754904, 3.4160545, 16.098652, 3.7285523, 16.536152, 4.0723042, 17.098654, 4.353554, 17.786152, 4.6348033, 18.567402, 4.8848042, 18.942402, 4.6973047, 18.192402, 6.1348033, 18.129904, 5.6973047, 17.942402, 5.4160542, 17.3799, 5.0410547, 16.879898, 4.7598057, 16.254902, 4.5410523, 15.786153, 4.2285542, 15.442402, 4.1348047, 15.129901, 4.1660542 ],
	[ 18.775568, 4.7073865, 19.369318, 5.051136, 19.525568, 4.519886, 19.588068, 4.0511374, 19.775568, 3.6448865, 20.431818, 2.3636363, 20.650568, 2.3011365, 20.900568, 2.4573865, 20.338068, 1.5198861, 20.244318, 1.9886363, 20.119318, 2.4886363, 19.494307, 3.6136353, 19.11932, 4.363636 ],
	[ 13.583332, 13.553385, 12.864581, 13.865885, 12.145832, 14.022138, 11.833333, 13.865885, 11.333332, 13.147137, 11.458332, 12.740885, 11.95833, 12.459638, 12.427081, 12.365885, 12.802081, 12.397135, 12.802083, 12.209636 ],
	[ 16.40814, 11.316284, 16.908144, 11.378787, 17.064394, 11.472539, 17.064392, 11.910039, 16.845646, 12.191289, 16.251896, 12.347538, 15.876894, 12.222537, 15.470644, 12.160039, 15.158143, 12.066288, 15.001894, 11.660039, 15.189393, 11.378788, 15.658145, 11.285038, 16.220644, 11.316288 ],
	[ 19.98843, 14.910883, 20.050926, 15.160879, 19.957176, 15.53588, 19.582176, 15.692132, 18.832178, 15.629634, 18.519676, 15.285881, 18.457176, 14.97338, 18.644676, 14.75463, 18.988428, 14.660878, 19.300926, 14.754631, 19.644678, 14.817131 ],
	[ 13.145835, 10.4118595, 12.895835, 10.286858, 12.708335, 10.0681095, 12.458333, 9.661857, 12.552084, 9.411859, 12.895832, 9.286859, 13.208334, 9.3181095, 13.552084, 9.318109, 13.833334, 9.224358, 14.114584, 9.224358, 14.145835, 9.443107, 13.958334, 9.661858, 13.583335, 9.9118595, 13.489586, 10.130609, 13.364585, 10.380608 ]
],
"background": [ 20.76314, 17.25, 11.236859, 17.25, 6.47372, 9, 11.236863, 0.74999917, 20.76314, 0.75000006, 25.526281, 8.999998 ]
}