{
	"defaults" : {
	    "gravity" : -14.7,
    	"friction": 0.4,
    	"density" : 0.0,
    	"restitution": 0.1,
    	"volume": 0.8
	},
	"goal" : {
		"pos": [16.0, 14.0],
		"density": 0.0,
    	"friction": 0.0,
    	"restitution": 0.0
    },
	"player" : {
		"pos": [16.0, 5.0],
		"shrink": [0.95, 0.7],
		"force": 20.0,
		"damping": 10.0,
		"density": 1.0,
		"friction": 0.0,
		"maxspeed": 5.0,
		"jump_force": 5.5,
		"jump_cool": 30,
		"shot_cool": 40,
		"sensor": {
			"shrink" : 0.6,
			"height" : 0.05
		}
	},
	"chaserBee" : {
		"pos": [16.0, 10.0],
		"shrink": [0.95, 0.7],
		"force": 20.0,
		"damping": 10.0,
		"density": 1.0,
		"friction": 0.0,
		"maxspeed": 5.0,
		"jump_force": 5.5,
		"jump_cool": 30,
		"shot_cool": 40,
		"sensor": {
			"shrink" : 0.6,
			"height" : 0.05
		}
	},
	"sleeperBee" : {
		"pos": [19.0, 10.0],
		"shrink": [0.95, 0.7],
		"force": 20.0,
		"damping": 10.0,
		"density": 1.0,
		"friction": 0.0,
		"maxspeed": 5.0,
		"jump_force": 5.5,
		"jump_cool": 30,
		"shot_cool": 40,
		"sensor": {
			"shrink" : 0.6,
			"height" : 0.05
		}
	},
    "bullet": {
    	"offset" : 0.2,
    	"speed"  : 20.0,
		"density": 10.0
    },
	"walls": 		[ 

			 		],
	"platforms":	[
						[ 11.3811978465, 1.5, 20.6188021535, 1.5, 20.6188021535, 1.0, 11.3811978465, 1.0],
						[ 11.3811978465, 17, 20.6188021535, 17.0, 20.6188021535, 16.5, 11.3811978465, 16.5],
						[ 4.11880215352, 9, 4.61880215352, 9, 11.3811978465, 1.5, 11.3811978465, 1.0],
						[ 11.3811978465, 17, 11.3811978465, 16.5, 4.11880215352, 9, 4.61880215352, 9],
						[26.8811978465, 9, 27.3811978465, 9, 20.6188021535, 1.0, 20.6188021535, 1.5],
						[20.6188021535, 17.0, 27.3811978465, 9, 26.8811978465, 9, 20.6188021535, 16.5]
					],
	"testPlatform": {
		"type": "normal",
		"position": {"x": 16.0, "y": 9.0},
		"scale": {"width": 5.0, "height": 1.0},
		"local_rotation": -30.0
	},
	"testPlatform2": {
		"radius" : 8.0,
		"length" : 0.5,
		"height" : 9.0
	}
}