{
  "goalPos": [16.0, 9.0],
  "playerPos": [12.0, 2.0],
  "groundedBeePos": [

  ],
  "flyingBeePos": [

  ],
  "platformPos": [
    [20.330128, 17.0, 25.093267, 8.75, 25.52628, 9.0, 20.76314, 17.25],
    [11.23686, 16.75, 20.76314, 16.75, 20.76314, 17.25, 11.23686, 17.25],
    [6.9067326, 8.75, 11.669872, 17.0, 11.23686, 17.25, 6.47372, 9.0],
    [11.669875, 0.99999905, 6.9067335, 9.249998, 6.4737215, 8.999998, 11.236863, 0.74999905],
    [20.76314, 1.25, 11.23686, 1.25, 11.23686, 0.74999994, 20.76314, 0.75000006],
    [25.093267, 9.249998, 20.330126, 0.99999905, 20.76314, 0.74999905, 25.526281, 8.999998]
  ],

  "spikedPlatformPos": [

  ],
  "honeyPatchPos": [

  ],
  "background":
  [20.76314, 17.25, 11.23686, 17.25, 6.47372, 9.0, 11.236863, 0.74999905, 20.76314, 0.75000006, 25.526281, 8.999998]
}
