{
  "goalPos": [16.0, 9.0],
  "playerPos": [12.0, 2.0],
  "groundedBeePos": [


  ],
  "flyingBeePos": [
    [16.0, 6.0]
  ],
  "platformPos": [
    [14.700962, 10.75, 17.299038, 10.75, 17.299038, 11.25, 14.700962, 11.25],
    [13.834936, 8.75, 15.133974, 11.0, 14.700962, 11.25, 13.401924, 9.0],
    [15.133975, 7.0, 13.834936, 9.249999, 13.401923, 8.999999, 14.700962, 6.75],
    [17.299038, 7.25, 14.700962, 7.25, 14.700962, 6.75, 17.299038, 6.75],
    [18.165062, 9.249999, 16.866024, 6.9999995, 17.299038, 6.7499995, 18.598076, 8.999999],

    [18.020725, 13.0, 20.474464, 8.75, 20.907478, 9.0, 18.45374, 13.25],
    [13.546261, 12.75, 18.45374, 12.75, 18.45374, 13.25, 13.546261, 13.25],
    [11.525536, 8.75, 13.979274, 13.0, 13.546261, 13.25, 11.092523, 9.0],
    [13.979276, 4.999999, 11.525536, 9.249999, 11.092523, 8.999999, 13.546263, 4.749999],

    [20.474464, 9.249999, 18.020725, 4.999999, 18.45374, 4.749999, 20.907478, 8.999999],

    [19.175426, 15.0, 22.783865, 8.75, 23.216877, 9.0, 19.608438, 15.25],
    [12.391561, 14.75, 19.60844, 14.75, 19.60844, 15.25, 12.391561, 15.25],

    [12.824575, 2.9999993, 9.216134, 9.249999, 8.783121, 8.999999, 12.391562, 2.7499993],
    [19.60844, 3.25, 12.391561, 3.25, 12.391561, 2.75, 19.60844, 2.75],
    [22.783865, 9.249999, 19.175425, 2.999999, 19.608438, 2.749999, 23.216879, 8.999999],

    [20.330128, 17.0, 25.093267, 8.75, 25.52628, 9.0, 20.76314, 17.25],
    [11.23686, 16.75, 20.76314, 16.75, 20.76314, 17.25, 11.23686, 17.25],
    [6.9067326, 8.75, 11.669872, 17.0, 11.23686, 17.25, 6.47372, 9.0],
    [11.669875, 0.99999905, 6.9067335, 9.249998, 6.4737215, 8.999998, 11.236863, 0.74999905],
    [20.76314, 1.25, 11.23686, 1.25, 11.23686, 0.74999994, 20.76314, 0.75000006],
    [25.093267, 9.249998, 20.330126, 0.99999905, 20.76314, 0.74999905, 25.526281, 8.999998]
  ],

  "spikedPlatformPos": [
    [10,8.75,10, 9, 7, 9, 7, 8.75]
  ],

  "honeypatchPos":[
    [12,10,12,9,13,9,13,10]
  ],

  "background":
    [20.76314, 17.25, 11.23686, 17.25, 6.47372, 9.0, 11.236863, 0.74999905, 20.76314, 0.75000006, 25.526281, 8.999998]
}