{
"goalPos": [ 23.0625, 8.21875 ],
"playerPos": [ 17.71875, 1.84375 ],
"groundedBeePos": [
	[ 15.875, 5.8125 ],
	[ 15.40625, 8.65625 ]
],
"flyingBeePos": [
	[ 9.9375, 5.78125 ]
],
"platformPos": [
	[ 20.76314, 17.25, 20.330128, 17, 25.093275, 8.749999, 25.52628, 9 ],
	[ 11.236859, 17.25, 11.236859, 16.75, 20.763142, 16.75, 20.76314, 17.25 ],
	[ 6.47372, 9, 6.906733, 8.75, 11.669871, 17, 11.236859, 17.25 ],
	[ 11.236863, 0.74999917, 11.669875, 0.99999905, 6.906733, 9.249998, 6.4737215, 8.999997 ],
	[ 20.76314, 0.75000006, 20.76314, 1.2499999, 11.23686, 1.25, 11.23686, 0.75000006 ],
	[ 25.526281, 8.999998, 25.093267, 9.249998, 20.33017, 1.0000001, 20.763096, 0.7499975 ],
	[ 18.486006, 5.297229, 18.91902, 5.0472293, 19.514, 6.077772, 19.080986, 6.327768 ],
	[ 13.214126, 5.375001, 13.214125, 4.8749986, 18.973373, 4.874999, 18.973373, 5.3749995 ],
	[ 13.106515, 6.23402, 12.673501, 5.9840183, 13.268482, 4.9534802, 13.701499, 5.203483 ],
	[ 18.34475, 13.170513, 17.911734, 12.920507, 22.655249, 4.704491, 23.088268, 4.954492 ],
	[ 17.528112, 10.590205, 17.095104, 10.340203, 18.534384, 7.8472934, 18.967396, 8.097293 ],
	[ 14.745658, 10.593749, 14.745658, 10.093749, 17.50434, 10.093749, 17.504345, 10.593752 ],
	[ 12.296841, 8.125, 12.296841, 7.6250005, 19.015663, 7.625001, 19.01566, 8.124999 ],
	[ 11.94649, 9.332064, 11.513478, 9.082061, 12.366008, 7.6054363, 12.79902, 7.855438 ],
	[ 9.94824, 14.656249, 9.948242, 14.156251, 14.55176, 14.156249, 14.551761, 14.656248 ],
	[ 20.40625, 13.5, 20.40625, 12.999999, 22.651253, 13.000001, 22.651253, 13.500001 ],
	[ 20.031248, 10.46875, 20.03125, 9.96875, 21.82125, 9.96875, 21.82125, 10.46875 ],
	[ 21.843746, 7.2499967, 21.84375, 6.7500005, 23.891285, 6.7500033, 23.891281, 7.25 ],
	[ 9.836223, 9.142364, 9.403209, 8.892363, 12.851278, 2.9201372, 13.284289, 3.1701374 ],
	[ 9.40625, 9.375, 9.40625, 8.875, 12.074422, 8.875, 12.074422, 9.375 ],
	[ 11.393572, 10.292591, 10.960562, 10.042592, 11.73143, 8.707407, 12.16444, 8.957408 ],
	[ 12.875, 3.3125, 12.875, 2.8124998, 15.372066, 2.8125, 15.372068, 3.3125 ],
	[ 15.516672, 0.97561187, 15.949681, 1.2256145, 14.983334, 2.8993852, 14.550319, 2.6493826 ]
],
"spikedPlatformPos": [
	[ 24.07549, 9.530588, 24.508505, 9.780582, 22.487013, 13.28191, 22.053999, 13.031913 ],
	[ 20.043217, 1.4036642, 20.47625, 1.1536639, 22.644274, 4.9088364, 22.211266, 5.1588364 ],
	[ 15.3975315, 3.0105965, 14.96452, 2.7605965, 15.914959, 1.114402, 16.347973, 1.364402 ],
	[ 19.373379, 9.697045, 19.806385, 9.947043, 18.626625, 11.990458, 18.193611, 11.740458 ],
	[ 11.985078, 16.677197, 11.552065, 16.927197, 10.264925, 14.6978, 10.697937, 14.4478 ]
],
"honeyPatchPos": null,
"background": [ 20.76314, 17.25, 11.236859, 17.25, 6.47372, 9, 11.236863, 0.74999917, 20.76314, 0.75000006, 25.526281, 8.999998 ]
}