{
"goalPos": [ 15.65625, 13.03125 ],
"playerPos": [ 14.0625, 1.59375 ],
"groundedBeePos": [],
"flyingBeePos": [],
"platformPos": [
	[ 20.76314, 17.25, 20.330128, 17, 25.093273, 8.750001, 25.52628, 9 ],
	[ 11.236859, 17.25, 11.236859, 16.75, 20.763142, 16.75, 20.76314, 17.25 ],
	[ 6.47372, 9, 6.906733, 8.75, 11.669871, 17, 11.236859, 17.25 ],
	[ 11.236863, 0.74999917, 11.669875, 0.99999905, 6.906733, 9.249998, 6.4737215, 8.999997 ],
	[ 20.76314, 0.75000006, 20.76314, 1.2499999, 11.23686, 1.25, 11.23686, 0.75000006 ],
	[ 25.526281, 8.999998, 25.093267, 9.249998, 20.330132, 0.9999992, 20.763134, 0.74999887 ]
],
"spikedPlatformPos": [
	[ 11.845258, 16.482857, 11.412245, 16.732857, 7.029746, 9.142145, 7.462758, 8.892143 ],
	[ 20.556625, 16.281252, 20.556625, 16.78125, 11.505878, 16.781248, 11.505878, 16.28125 ],
	[ 24.512764, 8.872044, 24.945776, 9.122044, 20.61224, 16.62795, 20.179226, 16.377956 ],
	[ 11.3125, 9.78125, 11.3125, 9.28125, 19.848385, 9.28125, 19.848385, 9.78125 ]
],
"honeyPatchPos": null,
"background": [ 20.76314, 17.25, 11.236859, 17.25, 6.47372, 9, 11.236863, 0.74999917, 20.76314, 0.75000006, 25.526281, 8.999998 ]
}