{
"goalPos": [ 16, 9 ],
"playerPos": [ 12, 2 ],
"groundedBeePos": [],
"flyingBeePos": [
	[ 10.53125, 7.59375 ],
	[ 15.84375, 13.9375 ]
],
"platformPos": [
	[ 20.76314, 17.25, 20.330128, 17, 25.093271, 8.750001, 25.52628, 9 ],
	[ 11.236859, 17.25, 11.236859, 16.75, 20.763142, 16.75, 20.76314, 17.25 ],
	[ 6.47372, 9, 6.906733, 8.75, 11.669871, 17, 11.236859, 17.25 ],
	[ 11.236863, 0.74999917, 11.669875, 0.99999905, 6.906733, 9.249998, 6.4737215, 8.999997 ],
	[ 20.76314, 0.75000006, 20.76314, 1.2499999, 11.23686, 1.25, 11.23686, 0.75000006 ],
	[ 25.526281, 8.999998, 25.093267, 9.249998, 20.33013, 0.99999917, 20.763136, 0.7499989 ],
	[ 14.1875, 11.906251, 14.187501, 11.40625, 18.03582, 11.40625, 18.035822, 11.906248 ],
	[ 13.1875, 3.9687502, 13.1875, 3.46875, 18.9375, 3.46875, 18.9375, 3.9687495 ],
	[ 18.720993, 3.8437505, 19.154007, 3.5937502, 22.123251, 8.73663, 21.690237, 8.9866295 ],
	[ 21.728893, 8.613114, 22.161905, 8.863117, 19.333609, 13.761872, 18.900599, 13.51187 ]
],
"spikedPlatformPos": [
	[ 13.050032, 8.98974, 12.617021, 8.739741, 14.0124655, 6.3227596, 14.4454775, 6.57276 ],
	[ 17.655334, 6.4851174, 18.088348, 6.2351165, 19.657164, 8.952385, 19.22415, 9.202386 ],
	[ 18.124958, 11.638976, 17.691944, 11.388977, 19.187544, 8.798524, 19.620558, 9.048525 ],
	[ 14.006645, 6.8125005, 14.006645, 6.3125005, 17.930855, 6.312499, 17.930855, 6.8124995 ]
],
"honeyPatchPos": [
	[ 10.4375, 12.562499, 8.968751, 10.749999, 10.375, 9.28125, 12.28125, 9.25, 13.71875, 11.40625, 12.281249, 13.406251, 10.5, 12.53125, 11.187501, 11.874999, 11.53125, 12.375, 10.4375, 12.562499, 28.96875, 9.312499 ]
],
"background": [ 20.76314, 17.25, 11.236859, 17.25, 6.47372, 9, 11.236863, 0.74999917, 20.76314, 0.75000006, 25.526281, 8.999998 ]
}