{
"goalPos": [ 22.96875, 9.71875 ],
"playerPos": [ 14.65625, 1.625 ],
"groundedBeePos": [],
"flyingBeePos": [],
"platformPos": [
	[ 20.76314, 17.25, 20.330128, 17, 25.093275, 8.749999, 25.52628, 9 ],
	[ 11.236859, 17.25, 11.236859, 16.75, 20.763142, 16.75, 20.76314, 17.25 ],
	[ 6.47372, 9, 6.906733, 8.75, 11.669871, 17, 11.236859, 17.25 ],
	[ 11.236863, 0.74999917, 11.669875, 0.99999905, 6.906733, 9.249998, 6.4737215, 8.999997 ],
	[ 20.76314, 0.75000006, 20.76314, 1.2499999, 11.23686, 1.25, 11.23686, 0.75000006 ],
	[ 25.526281, 8.999998, 25.093267, 9.249998, 20.330149, 0.9999997, 20.763117, 0.7499982 ],
	[ 20.534298, 16.312504, 20.534294, 16.812502, 18.528202, 16.812504, 18.5282, 16.312504 ],
	[ 20.553383, 9.600398, 20.986397, 9.350398, 23.071617, 12.962105, 22.638603, 13.212105 ],
	[ 21.43196, 3.2563026, 21.864975, 3.5063019, 20.06803, 6.618704, 19.635017, 6.3686996 ]
],
"spikedPlatformPos": [
	[ 15.812957, 1.1394758, 16.245968, 1.3894758, 11.499545, 9.610526, 11.066531, 9.360527 ],
	[ 10.983729, 14.896295, 10.550716, 15.146294, 6.953775, 8.916208, 7.3867846, 8.66621 ],
	[ 10.907826, 9.504533, 11.340838, 9.254532, 13.717174, 13.370465, 13.284163, 13.620466 ],
	[ 11.993663, 16.63181, 11.560648, 16.88181, 10.506339, 15.055689, 10.939351, 14.805688 ],
	[ 18.698519, 16.281252, 18.698517, 16.781252, 11.551485, 16.781254, 11.551486, 16.281252 ],
	[ 21.104347, 14.775758, 21.53736, 15.025761, 20.520653, 16.786749, 20.087639, 16.536743 ],
	[ 13.34375, 13.71875, 13.343751, 13.21875, 19.34383, 13.21875, 19.343832, 13.71875 ],
	[ 7.3520055, 9.245556, 6.9189925, 8.995556, 11.460494, 1.1294435, 11.893507, 1.3794438 ],
	[ 14.718424, 9.8125, 14.718425, 9.3125, 20.71875, 9.3125, 20.71875, 9.8125 ],
	[ 14.118981, 13.075396, 13.685971, 13.325395, 11.506017, 9.549606, 11.93903, 9.299606 ],
	[ 19.334164, 12.781248, 19.334164, 13.281248, 13.790833, 13.28125, 13.790832, 12.781251 ],
	[ 11.903682, 9.685057, 11.470669, 9.435056, 16.158812, 1.3149415, 16.591833, 1.5649422 ],
	[ 18.863333, 4.3384023, 19.296343, 4.588404, 16.511673, 9.411596, 16.07866, 9.161594 ],
	[ 16.024185, 1.6874999, 16.024185, 1.1875, 20.350817, 1.1875001, 20.350815, 1.6875002 ],
	[ 20.077414, 1.4829221, 20.510426, 1.2329221, 21.360086, 2.7045782, 20.92707, 2.9545782 ],
	[ 16.943914, 9.437449, 16.5109, 9.1874485, 19.181086, 4.5625534, 19.6141, 4.812554 ],
	[ 20.63724, 8.843748, 20.637241, 9.343747, 14.8002615, 9.343751, 14.800263, 8.843749 ],
	[ 20.517893, 6.7077956, 20.084879, 6.457796, 21.732113, 3.6047049, 22.165127, 3.854704 ],
	[ 23.325117, 12.678544, 22.892101, 12.928548, 20.737383, 9.196459, 21.170397, 8.946457 ],
	[ 21.629583, 4.093479, 22.062597, 3.8434794, 25.057913, 9.031521, 24.624899, 9.281523 ]
],
"honeyPatchPos": [
	[ 18.578125, 15.609376, 20.046875, 15.609375, 20.046877, 14.703126, 18.578127, 14.703125 ],
	[ 11.479167, 5.604167, 12.041667, 4.635417, 10.166667, 3.6041675, 9.572915, 4.6354165 ],
	[ 13.03125, 12.21875, 11.5, 12.999999, 12.156249, 14.25, 13.65625, 13.40625 ],
	[ 11.75, 10.03125, 9.28125, 9.8125, 9.34375, 9.0625, 11.34375, 9.187499 ],
	[ 15.03125, 12.21875, 15.031248, 11.343751, 17.1875, 11.343751, 17.1875, 12.187498 ],
	[ 12.874999, 10.5, 12.3125, 9.4375, 14.53125, 9.437501, 13.437501, 10.156251 ],
	[ 14.90625, 3.0625, 18.968748, 5.0312495, 18.53125, 5.71875, 14.71875, 3.8125005 ],
	[ 19, 4.46875, 19.40625, 4.625, 20.812502, 1.875, 20.5625, 1.28125 ]
],
"background": [ 20.76314, 17.25, 11.236859, 17.25, 6.47372, 9, 11.236863, 0.74999917, 20.76314, 0.75000006, 25.526281, 8.999998 ]
}