{
"goalPos": [ 16, 9 ],
"playerPos": [ 12, 2 ],
"groundedBeePos": [
	[ 17.15625, 1.90625 ],
	[ 19.21875, 2.0625 ]
],
"flyingBeePos": [
	[ 19.96875, 14.84375 ],
	[ 23.34375, 8.90625 ],
	[ 17.046858, 8.891862 ],
	[ 16.633154, 10.183306 ],
	[ 15.745425, 9.043113 ],
	[ 15.065774, 10.080814 ],
	[ 13.59563, 8.984118 ],
	[ 15.188801, 7.8760724 ],
	[ 16.704891, 7.8070583 ],
	[ 18.25, 9.5625 ],
	[ 17.71875, 7.75 ],
	[ 19, 7.4375 ],
	[ 17.375, 11.59375 ],
	[ 19.53125, 8.96875 ],
	[ 18.9375, 10.75 ],
	[ 15.75, 12 ]
],
"platformPos": [
	[ 20.76314, 17.25, 20.330128, 17, 25.093271, 8.750001, 25.52628, 9 ],
	[ 11.236859, 17.25, 11.236859, 16.75, 20.763142, 16.75, 20.76314, 17.25 ],
	[ 6.47372, 9, 6.906733, 8.75, 11.669871, 17, 11.236859, 17.25 ],
	[ 11.236863, 0.74999917, 11.669875, 0.99999905, 6.906733, 9.249998, 6.4737215, 8.999997 ],
	[ 20.76314, 0.75000006, 20.76314, 1.2499999, 11.23686, 1.25, 11.23686, 0.75000006 ],
	[ 25.526281, 8.999998, 25.093267, 9.249998, 20.33013, 0.99999917, 20.763136, 0.7499989 ],
	[ 10.093749, 3.8437502, 10.09375, 3.3437498, 19.157112, 3.34375, 19.157112, 3.84375 ],
	[ 18.753391, 3.6059136, 19.186405, 3.3559136, 22.059109, 8.331589, 21.626093, 8.581588 ],
	[ 18.958784, 13.857405, 18.52577, 13.607404, 21.564743, 8.343751, 21.997757, 8.59375 ],
	[ 13.874596, 13.6875, 13.874597, 13.1875, 18.71875, 13.1875, 18.718752, 13.687502 ],
	[ 6.78125, 9.25, 6.78125, 8.75, 12.97159, 8.75, 12.97159, 9.250001 ],
	[ 12.624811, 9.110772, 13.057823, 8.860772, 13.687688, 9.951728, 13.254676, 10.201728 ],
	[ 12.966507, 8.96875, 12.533494, 8.718751, 14.41642, 5.4574265, 14.849432, 5.7074265 ],
	[ 14.5625, 6.1875, 14.562499, 5.6874995, 20.218748, 5.6875, 20.21875, 6.1874995 ],
	[ 13.285841, 12.234036, 13.718854, 11.9840355, 14.341505, 13.062499, 13.908494, 13.3125 ]
],
"spikedPlatformPos": [
	[ 7.7790065, 8.656251, 7.345994, 8.40625, 10.054849, 3.7143767, 10.487861, 3.9643767 ],
	[ 10.03125, 4.2500005, 10.03125, 3.75, 18.63613, 3.7500002, 18.63613, 4.2500005 ],
	[ 20.062874, 5.1874986, 20.062876, 5.6874967, 14.187126, 5.6875, 14.187128, 5.1874986 ],
	[ 18.380058, 3.8263512, 18.813072, 3.5763512, 19.807442, 5.2986493, 19.374428, 5.548649 ],
	[ 13.921542, 5.1432266, 14.354555, 5.3932247, 12.390957, 8.794275, 11.957945, 8.544276 ],
	[ 12.453525, 8.156247, 12.453522, 8.65625, 6.9214783, 8.656248, 6.921479, 8.156248 ]
],
"honeyPatchPos": null,
"background": [ 20.76314, 17.25, 11.236859, 17.25, 6.47372, 9, 11.236863, 0.74999917, 20.76314, 0.75000006, 25.526281, 8.999998 ],
"ballPos": [
	[ 13.9375, 2.3125 ]
]
}