{
"goalPos": [ 10.4375, 6.25 ],
"playerPos": [ 12.3125, 1.90625 ],
"groundedBeePos": [],
"flyingBeePos": [
	[ 19.96875, 7.09375 ],
	[ 16.46875, 10.84375 ],
	[ 10.53125, 11.8125 ]
],
"platformPos": [
	[ 20.76314, 17.25, 20.330128, 17, 25.093275, 8.749999, 25.52628, 9 ],
	[ 11.236859, 17.25, 11.236859, 16.75, 20.763142, 16.75, 20.76314, 17.25 ],
	[ 6.47372, 9, 6.906733, 8.75, 11.669871, 17, 11.236859, 17.25 ],
	[ 11.236863, 0.74999917, 11.669875, 0.99999905, 6.906733, 9.249998, 6.4737215, 8.999997 ],
	[ 20.76314, 0.75000006, 20.76314, 1.2499999, 11.23686, 1.25, 11.23686, 0.75000006 ],
	[ 25.526281, 8.999998, 25.093267, 9.249998, 20.330137, 0.9999994, 20.763128, 0.7499986 ],
	[ 17.53806, 7.896971, 17.971073, 7.64697, 20.39944, 11.853028, 19.966429, 12.103029 ],
	[ 13.295511, 8.15625, 13.29551, 7.656251, 17.76699, 7.656251, 17.766994, 8.156251 ],
	[ 14.845994, 1.40625, 15.279006, 1.1562498, 17.336107, 4.719262, 16.9031, 4.9692645 ],
	[ 16.9375, 5.0625, 16.9375, 4.5625014, 22.781584, 4.5625, 22.781584, 5.0625 ],
	[ 10.209775, 2.7658648, 10.642787, 2.5158648, 13.727725, 7.859135, 13.294713, 8.109135 ]
],
"spikedPlatformPos": [
	[ 20.748081, 11.586982, 20.31507, 11.836981, 18.62692, 8.913017, 19.05993, 8.663017 ],
	[ 14.298996, 1.5760481, 14.732006, 1.3260478, 16.701006, 4.7364526, 16.267992, 4.9864526 ],
	[ 17.895824, 8.940839, 18.328836, 8.690839, 20.185257, 11.906251, 19.752243, 12.156249 ]
],
"honeyPatchPos": null,
"background": [ 20.76314, 17.25, 11.236859, 17.25, 6.47372, 9, 11.236863, 0.74999917, 20.76314, 0.75000006, 25.526281, 8.999998 ]
}