{
"goalPos": [ 12.6875, 5.15625 ],
"playerPos": [ 12.1875, 2.28125 ],
"groundedBeePos": [
	[ 17.65625, 2.34375 ]
],
"flyingBeePos": [
	[ 19.125, 3.9375 ]
],
"platformPos": [
	[ 20.330128, 17, 25.09327, 8.750001, 25.52628, 9, 20.76314, 17.25 ],
	[ 11.236859, 16.75, 20.763142, 16.75, 20.76314, 17.25, 11.236859, 17.25 ],
	[ 6.906733, 8.75, 11.669871, 17, 11.236859, 17.25, 6.47372, 9 ],
	[ 11.669875, 0.99999905, 6.906733, 9.249998, 6.4737215, 8.999997, 11.236863, 0.7499991 ],
	[ 20.76314, 1.2499999, 11.23686, 1.25, 11.23686, 0.75, 20.76314, 0.75000006 ],
	[ 25.093267, 9.249998, 20.330128, 0.9999991, 20.763138, 0.749999, 25.526281, 8.999998 ],
	[ 14.529006, 3.5, 14.095994, 3.25, 15.304889, 1.1561334, 15.737901, 1.4061334 ],
	[ 15.841506, 3.7500002, 15.408493, 3.5, 16.838587, 1.0230062, 17.2716, 1.2730063 ]
],
"spikedPlatformPos": [
	[ 15.060256, 3.6249998, 14.627244, 3.375, 16.174194, 0.6955972, 16.60721, 0.9455971 ]
],
"honeyPatchPos": [
	[ 18.124998, 11.1875, 15.3125, 8.40625, 20.031252, 6.8750005, 22.4375, 10.312499 ]
],
"background": [ 20.76314, 17.25, 25.526281, 8.999998, 20.76314, 0.75000006, 20.76314, 17.25, 20.76314, 0.75000006, 11.236863, 0.7499991, 20.76314, 17.25, 11.236863, 0.7499991, 6.47372, 9, 6.47372, 9, 11.236859, 17.25, 20.76314, 17.25 ]
}