{
"goalPos": [ 16, 9 ],
"playerPos": [ 12, 2 ],
"groundedBeePos": [
	[ 11, 8 ]
],
"flyingBeePos": [
	[ 11.96875, 6.5625 ]
],
"platformPos": [
	[ 20.76314, 17.25, 20.330128, 17, 25.09327, 8.750001, 25.52628, 9 ],
	[ 11.236859, 17.25, 11.236859, 16.75, 20.763142, 16.75, 20.76314, 17.25 ],
	[ 6.47372, 9, 6.906733, 8.75, 11.669871, 17, 11.236859, 17.25 ],
	[ 11.236863, 0.7499991, 11.669875, 0.99999905, 6.906733, 9.249998, 6.4737215, 8.999997 ],
	[ 20.76314, 0.75000006, 20.76314, 1.2499999, 11.23686, 1.25, 11.23686, 0.75 ],
	[ 25.526281, 8.999998, 25.093267, 9.249998, 20.330128, 0.9999991, 20.763138, 0.749999 ],
	[ 8.685256, 8.96875, 8.252244, 8.71875, 10.173865, 5.3904047, 10.606877, 5.6404047 ],
	[ 10.3125, 5.90625, 10.3125, 5.4062495, 14.531366, 5.4062495, 14.531365, 5.9062505 ],
	[ 14.314744, 5.75, 14.747756, 5.5, 16.082483, 7.811814, 15.64947, 8.061813 ]
],
"spikedPlatformPos": null,
"honeyPatchPos": null,
"background": [ 20.76314, 17.25, 11.236859, 17.25, 6.47372, 9, 11.236863, 0.7499991, 20.76314, 0.75000006, 25.526281, 8.999998 ]
}