{
"goalPos": [ 18.59375, 3.46875 ],
"playerPos": [ 11.90625, 3.375 ],
"groundedBeePos": [
	[ 14, 9.0625 ]
],
"flyingBeePos": [
	[ 9, 0 ]
],
"platformPos": [
	[ 20.330128, 17, 20.76314, 17.25, 25.52628, 9, 25.52628, 9, 25.09327, 8.750001, 20.330128, 17 ],
	[ 11.236859, 16.75, 11.236859, 17.25, 20.76314, 17.25, 20.76314, 17.25, 20.763142, 16.75, 11.236859, 16.75 ],
	[ 6.906733, 8.75, 6.47372, 9, 11.236859, 17.25, 11.236859, 17.25, 11.669871, 17, 6.906733, 8.75 ],
	[ 11.669875, 0.99999905, 11.236863, 0.7499991, 6.4737215, 8.999997, 6.4737215, 8.999997, 6.906733, 9.249998, 11.669875, 0.99999905 ],
	[ 20.76314, 1.2499999, 20.76314, 0.75000006, 11.23686, 0.75, 11.23686, 0.75, 11.23686, 1.25, 20.76314, 1.2499999 ],
	[ 25.093267, 9.249998, 25.526281, 8.999998, 20.763138, 0.749999, 20.763138, 0.749999, 20.330128, 0.9999991, 25.093267, 9.249998 ],
	[ 11.060256, 10.53125, 12.796811, 7.5234475, 12.363799, 7.273449, 12.363799, 7.273449, 10.627244, 10.281251, 11.060256, 10.53125 ],
	[ 12.59375, 7.625, 17.825956, 7.625, 17.825956, 7.1249995, 17.825956, 7.1249995, 12.593749, 7.125, 12.59375, 7.625 ],
	[ 17.450233, 7.41112, 19.429253, 10.838877, 19.862265, 10.588877, 19.862265, 10.588877, 17.88325, 7.16112, 17.450233, 7.41112 ]
],
"spikedPlatformPos": [
	[ 9.875, 4.8125, 12.623935, 4.8125, 12.623935, 4.3125, 12.623935, 4.3125, 9.875, 4.3125, 9.875, 4.8125 ]
],
"honeyPatchPos": [
	[ 15.375, 5.625, 16.46875, 5.90625, 17.15625, 4.8437505, 15.375, 5.625, 17.15625, 4.8437505, 16.15625, 4.46875, 16.15625, 4.46875, 15.0625, 4.71875, 15.375, 5.625 ]
]
}