{
"goalPos": [ 16, 9 ],
"playerPos": [ 12, 2 ],
"groundedBeePos": [],
"flyingBeePos": [],
"platformPos": [
	[ 20.76314, 17.25, 20.330128, 17, 25.09327, 8.750001, 25.52628, 9 ],
	[ 11.236859, 17.25, 11.236859, 16.75, 20.763142, 16.75, 20.76314, 17.25 ],
	[ 6.47372, 9, 6.906733, 8.75, 11.669871, 17, 11.236859, 17.25 ],
	[ 11.236863, 0.7499991, 11.669875, 0.99999905, 6.906733, 9.249998, 6.4737215, 8.999997 ],
	[ 20.76314, 0.75000006, 20.76314, 1.2499999, 11.23686, 1.25, 11.23686, 0.75 ],
	[ 25.526281, 8.999998, 25.093267, 9.249998, 20.330128, 0.9999991, 20.763138, 0.749999 ],
	[ 9.310255, 8.9375, 8.877244, 8.6875, 11.829707, 3.5736833, 12.262719, 3.8236837 ],
	[ 11.34375, 6.4375, 11.34375, 5.9375, 19.660007, 5.9375, 19.660007, 6.4375 ]
],
"spikedPlatformPos": null,
"honeyPatchPos": null,
"background": [ 20.76314, 17.25, 11.236859, 17.25, 6.47372, 9, 11.236863, 0.7499991, 20.76314, 0.75000006, 25.526281, 8.999998 ]
}