{
"goalPos": [ 16.09375, 15.21875 ],
"playerPos": [ 12, 2 ],
"groundedBeePos": [],
"flyingBeePos": [],
"platformPos": [
	[ 20.76314, 17.25, 20.330128, 17, 25.093275, 8.749999, 25.52628, 9 ],
	[ 11.236859, 17.25, 11.236859, 16.75, 20.763142, 16.75, 20.76314, 17.25 ],
	[ 6.47372, 9, 6.906733, 8.75, 11.669871, 17, 11.236859, 17.25 ],
	[ 11.236863, 0.74999917, 11.669875, 0.99999905, 6.906733, 9.249998, 6.4737215, 8.999997 ],
	[ 20.76314, 0.75000006, 20.76314, 1.2499999, 11.23686, 1.25, 11.23686, 0.75000006 ],
	[ 25.526281, 8.999998, 25.093267, 9.249998, 20.330147, 0.99999964, 20.763119, 0.7499983 ],
	[ 19.364166, 7.735279, 18.93115, 7.485278, 19.635834, 6.2647266, 20.068848, 6.514725 ],
	[ 12.126922, 4.0625, 12.126923, 3.5625, 19.998077, 3.5624971, 19.998077, 4.0625 ],
	[ 8.540634, 6.5625005, 8.540635, 6.0625, 12.459365, 6.0625, 12.459365, 6.562501 ],
	[ 19.446884, 6.46875, 19.446882, 5.9687486, 23.365612, 5.96875, 23.365614, 6.4687495 ],
	[ 20.412874, 8.96875, 20.412876, 9.468751, 13.774625, 9.468748, 13.774626, 8.968747 ],
	[ 13.837546, 9.875001, 13.837544, 9.375, 20.84995, 9.375, 20.84995, 9.875 ],
	[ 22.062534, 13.03125, 22.062536, 13.531248, 15.249965, 13.531252, 15.249964, 13.031251 ],
	[ 20.925623, 9.857596, 20.492607, 9.607596, 21.699375, 7.517405, 22.132393, 7.767405 ],
	[ 18.553583, 7.8750014, 18.553583, 7.375, 19.383917, 7.375, 19.383911, 7.8750005 ],
	[ 16.573347, 10.968751, 16.573349, 11.468747, 10.801651, 11.46875, 10.801651, 10.968749 ],
	[ 8.866284, 8.738347, 9.299295, 8.488348, 11.008718, 11.449153, 10.575706, 11.699151 ],
	[ 15.75573, 11.197173, 16.18874, 11.447173, 14.431779, 14.490319, 13.998763, 14.240323 ],
	[ 10.745801, 11.750001, 10.745801, 11.250001, 15.691699, 11.250001, 15.691699, 11.75 ]
],
"spikedPlatformPos": [
	[ 19.97575, 3.0625002, 19.97575, 3.562498, 12.08675, 3.5625002, 12.086748, 3.0625007 ],
	[ 12.366202, 5.593747, 12.366206, 6.0937505, 8.821294, 6.09375, 8.821295, 5.593751 ],
	[ 23.084944, 5.499997, 23.084957, 6.000001, 19.540043, 6, 19.540045, 5.5000005 ],
	[ 14.272492, 9.260397, 13.839481, 9.510396, 11.915004, 6.1771016, 12.348015, 5.9271026 ],
	[ 19.422983, 5.631756, 19.855997, 5.881755, 18.889519, 7.555745, 18.456503, 7.3057437 ],
	[ 21.263947, 7.286699, 21.696962, 7.536698, 20.548552, 9.525802, 20.115538, 9.275801 ],
	[ 24.55855, 8.714531, 24.991566, 8.964532, 22.31645, 13.597966, 21.883434, 13.347971 ],
	[ 15.469396, 13.631654, 15.036382, 13.381653, 16.343105, 11.118345, 16.776115, 11.368346 ],
	[ 11.290573, 11.200204, 10.857562, 11.450204, 9.146926, 8.487299, 9.57994, 8.237298 ],
	[ 11.692948, 6.578829, 12.12596, 6.3288283, 14.029005, 9.624999, 13.595994, 9.875001 ],
	[ 11.867975, 16.482588, 11.434965, 16.732586, 6.94452, 8.954916, 7.377538, 8.704912 ],
	[ 20.43267, 16.281252, 20.432673, 16.781254, 11.379821, 16.781252, 11.379821, 16.281252 ],
	[ 14.907011, 13.90625, 14.907011, 13.406248, 22.280487, 13.40625, 22.280489, 13.906248 ],
	[ 21.885426, 13.353657, 22.318436, 13.6036625, 20.489582, 16.771334, 20.056562, 16.52134 ]
],
"honeyPatchPos": null,
"background": [ 20.76314, 17.25, 11.236859, 17.25, 6.47372, 9, 11.236863, 0.74999917, 20.76314, 0.75000006, 25.526281, 8.999998 ]
}