{
"goalPos": [ 16, 9 ],
"playerPos": [ 12, 2 ],
"groundedBeePos": [],
"flyingBeePos": [
	[ 10.418151, 7.650446 ],
	[ 15.84375, 13.9375 ]
],
"platformPos": [
	[ 20.76314, 17.25, 20.330128, 17, 25.093273, 8.750001, 25.52628, 9 ],
	[ 11.236859, 17.25, 11.236859, 16.75, 20.763142, 16.75, 20.76314, 17.25 ],
	[ 6.47372, 9, 6.906733, 8.75, 11.669871, 17, 11.236859, 17.25 ],
	[ 11.236863, 0.74999917, 11.669875, 0.99999905, 6.906733, 9.249998, 6.4737215, 8.999997 ],
	[ 20.76314, 0.75000006, 20.76314, 1.2499999, 11.23686, 1.25, 11.23686, 0.75000006 ],
	[ 25.526281, 8.999998, 25.093267, 9.249998, 20.330132, 0.9999992, 20.763134, 0.74999887 ],
	[ 14.1875, 11.906251, 14.187501, 11.40625, 18.03582, 11.40625, 18.035822, 11.906248 ],
	[ 21.791391, 9.019371, 22.224403, 9.269374, 19.396107, 14.168127, 18.963097, 13.918127 ],
	[ 18.931845, 4.488122, 19.364859, 4.238124, 22.193153, 9.136877, 21.760143, 9.386875 ],
	[ 13.6717005, 4.687499, 13.671703, 4.1875, 19.328297, 4.187502, 19.328295, 4.687497 ]
],
"spikedPlatformPos": [
	[ 13.050032, 8.95849, 12.617021, 8.708492, 14.0124655, 6.29151, 14.4454775, 6.5415106 ],
	[ 17.374084, 6.516366, 17.807098, 6.266365, 19.375914, 8.983633, 18.9429, 9.233635 ],
	[ 19.093788, 8.704778, 19.526802, 8.954777, 18.031202, 11.54523, 17.598188, 11.295228 ],
	[ 14.037896, 6.8437505, 14.037896, 6.343751, 17.962105, 6.343749, 17.962105, 6.843749 ],
	[ 13.731219, 6.1352587, 14.164231, 6.385256, 12.7687845, 8.802239, 12.3357725, 8.552238 ],
	[ 17.899605, 6.0312524, 17.899605, 6.53125, 13.975395, 6.5312514, 13.975395, 6.031252 ],
	[ 18.343704, 11.701475, 17.910692, 11.451474, 19.406292, 8.861022, 19.839306, 9.111024 ],
	[ 19.657166, 8.796133, 19.224152, 9.046134, 17.655334, 6.328868, 18.088352, 6.078863 ]
],
"honeyPatchPos": [
	[ 12.843751, 12.875001, 12.28125, 13.218751, 11.468749, 13.34375, 10.593749, 13.28125, 10.125, 12.84375, 9.749999, 11.875, 9.625001, 11.03125, 9.78125, 10.34375, 10.250001, 9.90625, 10.781249, 9.4375, 11.40625, 9.1875, 12.0625, 9.15625, 12.6875, 9.40625, 13.281249, 9.8125, 13.625, 10.562499, 13.687501, 11.25, 13.40625, 12.4375 ]
],
"background": [ 20.76314, 17.25, 11.236859, 17.25, 6.47372, 9, 11.236863, 0.74999917, 20.76314, 0.75000006, 25.526281, 8.999998 ]
}