{
"goalPos": [ 16, 9 ],
"playerPos": [ 12.25, 1.65625 ],
"groundedBeePos": [
	[ 22.78125, 6.1875 ],
	[ 23.78125, 7.6875 ]
],
"flyingBeePos": [
	[ 19.96875, 14.84375 ],
	[ 23.381731, 8.88432 ],
	[ 17.13416, 8.938416 ],
	[ 16.670889, 10.1937275 ],
	[ 15.675522, 9.088708 ],
	[ 15.016002, 10.107066 ],
	[ 14.09375, 8.625 ],
	[ 15.176549, 7.863618 ],
	[ 16.369442, 8.145738 ],
	[ 18.300493, 9.9150505 ],
	[ 17.593628, 7.5702744 ],
	[ 19.071379, 7.7097664 ],
	[ 17.354393, 11.591945 ],
	[ 19.53125, 8.96875 ],
	[ 19.01899, 10.783848 ],
	[ 15.678494, 12.161886 ],
	[ 18.099083, 12.285082 ],
	[ 15.925894, 10.787293 ],
	[ 16.848637, 6.9034343 ],
	[ 18.299316, 8.498179 ],
	[ 20.326954, 8.120264 ],
	[ 18.338621, 6.9034357 ],
	[ 19.80626, 6.915569 ]
],
"platformPos": [
	[ 20.76314, 17.25, 20.330128, 17, 25.093275, 8.749999, 25.52628, 9 ],
	[ 11.236859, 17.25, 11.236859, 16.75, 20.763142, 16.75, 20.76314, 17.25 ],
	[ 6.47372, 9, 6.906733, 8.75, 11.669871, 17, 11.236859, 17.25 ],
	[ 11.236863, 0.74999917, 11.669875, 0.99999905, 6.906733, 9.249998, 6.4737215, 8.999997 ],
	[ 20.76314, 0.75000006, 20.76314, 1.2499999, 11.23686, 1.25, 11.23686, 0.75000006 ],
	[ 25.526281, 8.999998, 25.093267, 9.249998, 20.330143, 0.9999995, 20.763123, 0.74999845 ],
	[ 18.937933, 3.3749971, 18.937931, 3.8750005, 9.874569, 3.8749993, 9.874569, 3.3749976 ],
	[ 22.059109, 8.487839, 21.62609, 8.737837, 18.753391, 3.7621632, 19.186409, 3.5121663 ],
	[ 19.00952, 13.756827, 18.576506, 13.506826, 21.615479, 8.243174, 22.048492, 8.493172 ],
	[ 14.171672, 13.71875, 14.171672, 13.21875, 19.015825, 13.218751, 19.015827, 13.718753 ],
	[ 6.78125, 9.25, 6.78125, 8.75, 12.97159, 8.75, 12.97159, 9.250001 ],
	[ 12.374812, 8.954521, 12.807823, 8.704522, 13.437689, 9.795478, 13.004677, 10.045477 ],
	[ 12.966507, 8.96875, 12.533492, 8.71875, 14.41642, 5.4574265, 14.849432, 5.7074265 ],
	[ 14.5625, 6.1875, 14.562496, 5.687498, 20.218748, 5.6875, 20.21875, 6.1874976 ],
	[ 13.503417, 12.554517, 13.93643, 12.304516, 14.559081, 13.382979, 14.126071, 13.63298 ]
],
"spikedPlatformPos": [
	[ 7.705829, 8.783438, 7.272816, 8.533436, 9.98167, 3.8415627, 10.414685, 4.0915637 ],
	[ 10.135061, 4.3125, 10.135061, 3.8124993, 18.73994, 3.8125005, 18.73994, 4.3125005 ],
	[ 20.062874, 5.1874986, 20.06287, 5.687497, 14.187126, 5.6875, 14.187128, 5.1874986 ],
	[ 18.473806, 4.0138497, 18.90682, 3.7638514, 19.901186, 5.4861484, 19.468172, 5.73615 ],
	[ 14.046543, 5.174475, 14.479555, 5.424473, 12.515958, 8.825524, 12.082947, 8.575525 ],
	[ 12.516022, 8.374997, 12.516021, 8.875002, 6.983978, 8.874999, 6.983978, 8.375 ]
],
"honeyPatchPos": null,
"background": [ 20.76314, 17.25, 11.236859, 17.25, 6.47372, 9, 11.236863, 0.74999917, 20.76314, 0.75000006, 25.526281, 8.999998 ],
"ballPos": [
	[ 14.75, 1.84375 ]
]
}