{
"goalPos": [ 21.53125, 12.4375 ],
"playerPos": [ 12, 2 ],
"groundedBeePos": [
	[ 9.75, 6.6875 ],
	[ 17.40625, 1.84375 ],
	[ 14.24898, 4.7720776 ],
	[ 12.6875, 12.03125 ]
],
"flyingBeePos": [],
"platformPos": [
	[ 20.76314, 17.25, 20.330128, 17, 25.093275, 8.749999, 25.52628, 9 ],
	[ 11.236859, 17.25, 11.236859, 16.75, 20.763142, 16.75, 20.76314, 17.25 ],
	[ 6.47372, 9, 6.906733, 8.75, 11.669871, 17, 11.236859, 17.25 ],
	[ 11.236863, 0.74999917, 11.669875, 0.99999905, 6.906733, 9.249998, 6.4737215, 8.999997 ],
	[ 20.76314, 0.75000006, 20.76314, 1.2499999, 11.23686, 1.25, 11.23686, 0.75000006 ],
	[ 25.526281, 8.999998, 25.093267, 9.249998, 20.33015, 0.99999976, 20.763115, 0.74999815 ],
	[ 8.59375, 6.2500005, 8.593749, 5.749999, 11.656409, 5.75, 11.65641, 6.2499995 ],
	[ 13.974113, 1.3368915, 14.407126, 1.086892, 14.775888, 1.7256086, 14.342879, 1.9756081 ],
	[ 14.515357, 1.9999995, 14.515357, 1.4999999, 15.422135, 1.4999993, 15.422142, 1.9999998 ],
	[ 15.559933, 2.0128212, 15.126919, 1.7628229, 15.502569, 1.112177, 15.935583, 1.3621784 ],
	[ 19.405334, 1.4343143, 19.838373, 1.1843138, 20.09464, 1.6281854, 19.661627, 1.8781855 ],
	[ 19.765612, 1.9999995, 19.765633, 1.5000001, 20.859383, 1.5, 20.859383, 2 ],
	[ 19.438496, 3.980646, 19.871506, 3.7306454, 22.311508, 7.956854, 21.878494, 8.206854 ],
	[ 18.90625, 6.3437486, 18.90625, 6.84375, 13.21875, 6.84375, 13.21875, 6.34375 ],
	[ 21.591722, 11.188312, 21.158707, 11.43831, 18.595778, 6.9991913, 19.02879, 6.74919 ],
	[ 21.140255, 11.562497, 21.140255, 11.062499, 23.797241, 11.062498, 23.79724, 11.562498 ],
	[ 7.967411, 11.468748, 7.9674115, 10.968748, 14.532589, 10.96875, 14.532587, 11.468748 ],
	[ 13.116485, 4.8813734, 12.683473, 4.6313725, 13.196011, 3.74363, 13.629024, 3.9936297 ],
	[ 13.327775, 4.1250005, 13.327777, 3.6249986, 19.672222, 3.6249998, 19.672222, 4.125 ],
	[ 14.064744, 11.40625, 14.497756, 11.15625, 14.961795, 11.959989, 14.528784, 12.209989 ],
	[ 11.925219, 13.315136, 11.492208, 13.565136, 10.26229, 11.43486, 10.695304, 11.184857 ],
	[ 9.34375, 13.812501, 9.34375, 13.3125, 11.657095, 13.3125, 11.657095, 13.8125 ],
	[ 11.624999, 13.843752, 11.625001, 13.343751, 13.063858, 13.34375, 13.063856, 13.843752 ]
],
"spikedPlatformPos": [
	[ 18.876387, 3.2187493, 18.876389, 3.7187493, 16.061111, 3.7187483, 16.061111, 3.2187462 ],
	[ 23.875, 10.5625, 23.875, 11.062503, 21.312502, 11.062501, 21.3125, 10.562502 ],
	[ 18.038105, 7.0159216, 18.471119, 6.765921, 21.086895, 11.296577, 20.653881, 11.54658 ],
	[ 14.500836, 10.468749, 14.500836, 10.968748, 11.874162, 10.968751, 11.874163, 10.468748 ],
	[ 17.90625, 4.531251, 17.906256, 4.03125, 19.59375, 4.0312505, 19.59375, 4.5312505 ],
	[ 11.966239, 16.631706, 11.533227, 16.881702, 9.721257, 13.743297, 10.154276, 13.493297 ],
	[ 20.387392, 10.928896, 20.820412, 11.178892, 19.800106, 12.946108, 19.367092, 12.696107 ],
	[ 20.11261, 13.102352, 19.67959, 12.852359, 20.699894, 11.085145, 21.132906, 11.335145 ]
],
"honeyPatchPos": null,
"background": [ 20.76314, 17.25, 11.236859, 17.25, 6.47372, 9, 11.236863, 0.74999917, 20.76314, 0.75000006, 25.526281, 8.999998 ]
}