{
"goalPos": [ 16, 9 ],
"playerPos": [ 23.3125, 9.78125 ],
"groundedBeePos": [
	[ 16.46875, 6.4375 ],
	[ 12.78125, 5.65625 ],
	[ 16.15625, 4.84375 ],
	[ 13.978435, 5.476911 ],
	[ 13.78125, 4.3125 ],
	[ 14.78125, 4.53125 ],
	[ 14.86013, 5.3042645 ],
	[ 15.898246, 5.6031127 ],
	[ 17, 5.65625 ],
	[ 17.5625, 5 ],
	[ 17.25, 4.21875 ],
	[ 18.75, 5.28125 ],
	[ 19.033836, 6.3069577 ],
	[ 17.875, 7.15625 ],
	[ 16.34375, 7.15625 ],
	[ 14.90625, 6.8125 ],
	[ 14.40625, 6.375 ],
	[ 15.159384, 5.8655825 ],
	[ 15.53125, 6.34375 ],
	[ 13, 6.5625 ],
	[ 15.25, 7.65625 ],
	[ 16.345438, 7.7187366 ],
	[ 18.28125, 7.5625 ],
	[ 19.1875, 7.03125 ],
	[ 18.470137, 6.0317545 ],
	[ 17.905304, 6.3174906 ],
	[ 12.46875, 7.53125 ],
	[ 13.689706, 7.451497 ],
	[ 12.125, 9.46875 ],
	[ 11.03125, 8.0625 ],
	[ 12.28125, 8.8125 ],
	[ 19.625, 9.03125 ],
	[ 20, 7.84375 ],
	[ 18.6875, 8.5625 ],
	[ 20, 6.71875 ]
],
"flyingBeePos": [],
"platformPos": [
	[ 20.76314, 17.25, 20.330128, 17, 25.093273, 8.750001, 25.52628, 9 ],
	[ 11.236859, 17.25, 11.236859, 16.75, 20.763142, 16.75, 20.76314, 17.25 ],
	[ 6.47372, 9, 6.906733, 8.75, 11.669871, 17, 11.236859, 17.25 ],
	[ 11.236863, 0.74999917, 11.669875, 0.99999905, 6.906733, 9.249998, 6.4737215, 8.999997 ],
	[ 20.76314, 0.75000006, 20.76314, 1.2499999, 11.23686, 1.25, 11.23686, 0.75000006 ],
	[ 25.526281, 8.999998, 25.093267, 9.249998, 20.330132, 0.9999992, 20.763134, 0.74999887 ],
	[ 22.59335, 9.3125, 22.593351, 8.812501, 25.03165, 8.8125, 25.031649, 9.312501 ],
	[ 18.961441, 3.379412, 19.394455, 3.1294124, 22.747757, 8.9375, 22.314743, 9.1875 ],
	[ 12.55785, 3.6874998, 12.55785, 3.1875, 19.28125, 3.1875, 19.28125, 3.6875 ],
	[ 9.871401, 8.900501, 9.438389, 8.650502, 12.502244, 3.34375, 12.935256, 3.5937486 ],
	[ 13.536596, 8.654454, 13.969608, 8.404453, 14.872757, 9.96875, 14.439744, 10.218748 ],
	[ 14.750001, 10.25, 14.749999, 9.750001, 17.250195, 9.75, 17.250195, 10.250001 ],
	[ 17.372757, 10.124999, 16.939743, 9.875001, 17.752392, 8.467448, 18.185408, 8.717448 ],
	[ 17.16033, 7.8514185, 17.593344, 7.601419, 18.089668, 8.461078, 17.656652, 8.711079 ],
	[ 14.091506, 8.624999, 13.658496, 8.375, 14.24417, 7.360577, 14.677184, 7.610578 ],
	[ 20.631643, 12.488333, 20.198631, 12.238333, 22.158493, 8.843749, 22.591507, 9.09375 ]
],
"spikedPlatformPos": null,
"honeyPatchPos": null,
"background": [ 20.76314, 17.25, 11.236859, 17.25, 6.47372, 9, 11.236863, 0.74999917, 20.76314, 0.75000006, 25.526281, 8.999998 ],
"ballPos": [
	[ 23, 7.4375 ]
]
}