{
"goalPos": [ 16, 9 ],
"playerPos": [ 13.125, 1.75 ],
"groundedBeePos": [
	[ 18.875, 1.71875 ],
	[ 10.71875, 5.375 ],
	[ 17.524883, 4.038425 ]
],
"flyingBeePos": [],
"platformPos": [
	[ 20.76314, 17.25, 20.330128, 17, 25.093275, 8.75, 25.52628, 9 ],
	[ 11.236859, 17.25, 11.236859, 16.75, 20.763142, 16.75, 20.76314, 17.25 ],
	[ 6.47372, 9, 6.906733, 8.75, 11.669871, 17, 11.236859, 17.25 ],
	[ 11.236863, 0.74999917, 11.669875, 0.99999905, 6.906733, 9.249998, 6.4737215, 8.999997 ],
	[ 20.76314, 0.75000006, 20.76314, 1.2499999, 11.23686, 1.25, 11.23686, 0.75000006 ],
	[ 25.526281, 8.999998, 25.093267, 9.249998, 20.330135, 0.99999934, 20.76313, 0.7499987 ],
	[ 11.3325815, 1.4495631, 11.765594, 1.1995635, 14.85492, 6.5504355, 14.421906, 6.800436 ],
	[ 14.5, 6.625, 14.500002, 6.125001, 17.563135, 6.125, 17.563133, 6.624999 ],
	[ 13.305206, 8.739153, 12.872195, 8.489153, 14.194795, 6.198345, 14.627805, 6.448345 ],
	[ 12.845995, 8.78125, 13.279005, 8.531249, 14.806266, 11.176542, 14.373253, 11.42654 ],
	[ 14.624999, 11.46875, 14.625, 10.96875, 17.691484, 10.968748, 17.691483, 11.46875 ],
	[ 17.314743, 6.59375, 17.747757, 6.3437505, 18.326094, 7.3454585, 17.89308, 7.595457 ],
	[ 17.779007, 11.249999, 17.345993, 11.000001, 17.918173, 10.008951, 18.351189, 10.258951 ],
	[ 14.49602, 1.2833296, 14.929032, 1.0333296, 15.503984, 2.0291708, 15.07097, 2.27917 ],
	[ 16.483397, 2.1453815, 16.050383, 1.8953817, 16.5791, 0.9796183, 17.012114, 1.2296184 ],
	[ 15.265622, 2.4375, 15.265623, 1.9375, 16.421875, 1.9374996, 16.421875, 2.437501 ],
	[ 16.076584, 3.7812495, 16.07658, 3.2812488, 18.610918, 3.2812495, 18.610918, 3.7812507 ],
	[ 18.283493, 3.8125, 18.716507, 3.5624998, 21.437456, 8.275322, 21.004442, 8.52532 ],
	[ 18.40113, 13.834508, 17.968117, 13.584509, 20.939743, 8.4375, 21.372757, 8.6875 ],
	[ 9.25, 4.90625, 9.25, 4.4062495, 13.415755, 4.40625, 13.415755, 4.90625 ],
	[ 16.081968, 4.5159197, 15.648955, 4.2659197, 16.127243, 3.4374995, 16.560257, 3.6875002 ]
],
"spikedPlatformPos": null,
"honeyPatchPos": null,
"background": [ 20.76314, 17.25, 11.236859, 17.25, 6.47372, 9, 11.236863, 0.74999917, 20.76314, 0.75000006, 25.526281, 8.999998 ]
}