{
"goalPos": [ 16, 9 ],
"playerPos": [ 12, 2 ],
"groundedBeePos": [
	[ 15.875, 4.3125 ]
],
"flyingBeePos": [],
"platformPos": [
	[ 20.76314, 17.25, 20.330128, 17, 25.093271, 8.750001, 25.52628, 9 ],
	[ 11.236859, 17.25, 11.236859, 16.75, 20.763142, 16.75, 20.76314, 17.25 ],
	[ 6.47372, 9, 6.906733, 8.75, 11.669871, 17, 11.236859, 17.25 ],
	[ 11.236863, 0.74999917, 11.669875, 0.99999905, 6.906733, 9.249998, 6.4737215, 8.999997 ],
	[ 20.76314, 0.75000006, 20.76314, 1.2499999, 11.23686, 1.25, 11.23686, 0.75000006 ],
	[ 25.526281, 8.999998, 25.093267, 9.249998, 20.33013, 0.99999917, 20.763136, 0.7499989 ],
	[ 13.37496, 3.8125002, 13.374959, 3.3124995, 19.312542, 3.3125, 19.312542, 3.8125 ],
	[ 18.87545, 3.6571915, 19.308462, 3.4071918, 22.37455, 8.717808, 21.941534, 8.967808 ],
	[ 21.890526, 8.639531, 22.32354, 8.889533, 18.984467, 14.672977, 18.551453, 14.422975 ],
	[ 18.843798, 14.093751, 18.843798, 14.593749, 13.843701, 14.593748, 13.8437, 14.09375 ],
	[ 14.003365, 14.387397, 13.570354, 14.637396, 11.24664, 10.612599, 11.679649, 10.362601 ],
	[ 11.738055, 10.606063, 11.305044, 10.356063, 11.824443, 9.456436, 12.257455, 9.706436 ],
	[ 11.490725, 7.4294863, 11.0577135, 7.1794844, 13.321775, 3.2580144, 13.754787, 3.508015 ],
	[ 11.954115, 7.9740496, 11.521104, 8.224047, 11.045888, 7.40095, 11.478898, 7.1509504 ],
	[ 17.7657, 10.96875, 17.765701, 11.468751, 14.734293, 11.468748, 14.73429, 10.968749 ],
	[ 15.09758, 11.093053, 14.664568, 11.343052, 13.40242, 9.156948, 13.835434, 8.906947 ],
	[ 13.805346, 9.2701645, 13.372334, 9.0201645, 14.694654, 6.729836, 15.1276655, 6.979836 ],
	[ 14.890529, 7.2187505, 14.89053, 6.7187505, 17.484468, 6.7187505, 17.484468, 7.2187495 ],
	[ 17.212885, 7.0948114, 17.6459, 6.8448114, 18.474613, 8.280187, 18.0416, 8.530187 ],
	[ 18.116425, 9.900467, 18.549438, 10.150465, 17.821074, 11.412031, 17.38806, 11.16203 ]
],
"spikedPlatformPos": null,
"honeyPatchPos": null,
"background": [ 20.76314, 17.25, 11.236859, 17.25, 6.47372, 9, 11.236863, 0.74999917, 20.76314, 0.75000006, 25.526281, 8.999998 ]
}