{
"goalPos": [ 16, 9 ],
"playerPos": [ 15.9375, 2.15625 ],
"groundedBeePos": [],
"flyingBeePos": [],
"platformPos": [
	[ 20.76314, 17.25, 20.330128, 17, 25.093271, 8.750001, 25.52628, 9 ],
	[ 11.236859, 17.25, 11.236859, 16.75, 20.763142, 16.75, 20.76314, 17.25 ],
	[ 6.47372, 9, 6.906733, 8.75, 11.669871, 17, 11.236859, 17.25 ],
	[ 11.236863, 0.74999917, 11.669875, 0.99999905, 6.906733, 9.249998, 6.4737215, 8.999997 ],
	[ 20.76314, 0.75000006, 20.76314, 1.2499999, 11.23686, 1.25, 11.23686, 0.75000006 ],
	[ 25.526281, 8.999998, 25.093267, 9.249998, 20.33013, 0.99999917, 20.763136, 0.7499989 ],
	[ 19.34438, 12.227076, 18.911367, 11.977076, 20.90562, 8.522924, 21.338634, 8.772924 ],
	[ 12.920883, 12.21875, 12.920883, 11.71875, 19.079117, 11.71875, 19.079117, 12.21875 ],
	[ 10.943775, 8.595808, 11.376791, 8.345808, 13.431225, 11.904194, 12.998211, 12.154194 ]
],
"spikedPlatformPos": null,
"honeyPatchPos": null,
"background": [ 20.76314, 17.25, 11.236859, 17.25, 6.47372, 9, 11.236863, 0.74999917, 20.76314, 0.75000006, 25.526281, 8.999998 ]
}