{
"goalPos": [ 9.34375, 10.65625 ],
"playerPos": [ 13.195089, 1.7605857 ],
"groundedBeePos": [],
"flyingBeePos": [],
"platformPos": [
	[ 20.76314, 17.25, 20.330128, 17, 25.093275, 8.749999, 25.52628, 9 ],
	[ 11.236859, 17.25, 11.236859, 16.75, 20.763142, 16.75, 20.76314, 17.25 ],
	[ 6.47372, 9, 6.906733, 8.75, 11.669871, 17, 11.236859, 17.25 ],
	[ 11.236863, 0.74999917, 11.669875, 0.99999905, 6.906733, 9.249998, 6.4737215, 8.999997 ],
	[ 20.76314, 0.75000006, 20.76314, 1.2499999, 11.23686, 1.25, 11.23686, 0.75000006 ],
	[ 25.526281, 8.999998, 25.093267, 9.249998, 20.330227, 1.0000017, 20.763023, 0.7499949 ],
	[ 7.0743895, 9.65625, 7.074391, 9.15625, 14.988111, 9.156251, 14.988109, 9.65625 ]
],
"spikedPlatformPos": [
	[ 20.596794, 6.2189994, 20.163784, 5.969001, 21.715683, 3.2810006, 22.14875, 3.5309994 ],
	[ 21.403204, 2.9997497, 21.836212, 3.2497504, 20.284296, 5.9377503, 19.85128, 5.687753 ],
	[ 20.173288, 5.4062505, 20.17328, 5.90625, 17.389221, 5.906252, 17.38922, 5.40625 ],
	[ 20.047037, 1.4978976, 20.480051, 1.2478976, 21.654007, 3.28125, 21.220985, 3.53125 ],
	[ 7.37425, 9.121664, 6.941241, 8.871666, 11.375752, 1.1908361, 11.808761, 1.4408326 ],
	[ 11.881269, 16.549278, 11.448259, 16.799284, 10.05623, 14.388216, 10.4892435, 14.138222 ],
	[ 14.68672, 9.30009, 15.119731, 9.05009, 16.938282, 12.199913, 16.50527, 12.449913 ],
	[ 17.250782, 12.01241, 16.81777, 12.262409, 14.999223, 9.112587, 15.432227, 8.86259 ],
	[ 15.17379, 8.6875, 15.173793, 9.1875, 7.01371, 9.187498, 7.013709, 8.687501 ],
	[ 24.693285, 8.667624, 25.126297, 8.917624, 20.556713, 16.83238, 20.123701, 16.582378 ],
	[ 20.632084, 16.281252, 20.632088, 16.781252, 11.492916, 16.781252, 11.492914, 16.281252 ],
	[ 17.40625, 6.281249, 17.40625, 5.78125, 20.375, 5.78125, 20.375, 6.281251 ]
],
"honeyPatchPos": null,
"background": [ 20.76314, 17.25, 11.236859, 17.25, 6.47372, 9, 11.236863, 0.74999917, 20.76314, 0.75000006, 25.526281, 8.999998 ]
}