{
"goalPos": [ 16, 9 ],
"playerPos": [ 12, 2 ],
"groundedBeePos": [],
"flyingBeePos": [],
"platformPos": [
	[ 20.76314, 17.25, 20.330128, 17, 25.093271, 8.750001, 25.52628, 9 ],
	[ 11.236859, 17.25, 11.236859, 16.75, 20.763142, 16.75, 20.76314, 17.25 ],
	[ 6.47372, 9, 6.906733, 8.75, 11.669871, 17, 11.236859, 17.25 ],
	[ 11.236863, 0.74999917, 11.669875, 0.99999905, 6.906733, 9.249998, 6.4737215, 8.999997 ],
	[ 20.76314, 0.75000006, 20.76314, 1.2499999, 11.23686, 1.25, 11.23686, 0.75000006 ],
	[ 25.526281, 8.999998, 25.093267, 9.249998, 20.33013, 0.99999917, 20.763136, 0.7499989 ],
	[ 10.281251, 3.53125, 10.28125, 3.03125, 18.156246, 3.0312498, 18.156252, 3.5312507 ],
	[ 13.9633875, 6.2582436, 14.396403, 6.5082436, 12.34911, 10.054256, 11.916097, 9.804258 ],
	[ 23.666386, 6.3125, 23.666386, 6.8125, 14.021112, 6.812497, 14.021116, 6.3124986 ],
	[ 11.845994, 9.875, 12.279006, 9.625, 14.075337, 12.736339, 13.642325, 12.986338 ],
	[ 18.466505, 13.000002, 18.033493, 12.750002, 19.797527, 9.694603, 20.230541, 9.944604 ],
	[ 8.060256, 10.84375, 7.627244, 10.59375, 9.484254, 7.377315, 9.917266, 7.6273146 ],
	[ 9.452557, 7.8437505, 9.452557, 7.343749, 11.172442, 7.34375, 11.172442, 7.84375 ],
	[ 15.289446, 14.875001, 15.289446, 14.375001, 19.273054, 14.375002, 19.273054, 14.875 ],
	[ 19.33808, 14.855057, 18.905066, 14.605057, 23.536924, 6.582445, 23.969936, 6.832445 ],
	[ 20.169632, 9.895334, 19.736618, 10.145336, 18.95537, 8.792168, 19.388384, 8.542167 ],
	[ 13.718544, 12.937499, 13.718545, 12.4375, 18.468954, 12.437501, 18.468956, 12.937499 ]
],
"spikedPlatformPos": null,
"honeyPatchPos": null,
"background": [ 20.76314, 17.25, 11.236859, 17.25, 6.47372, 9, 11.236863, 0.74999917, 20.76314, 0.75000006, 25.526281, 8.999998 ]
}