{
"goalPos": [ 16, 9 ],
"playerPos": [ 12.3125, 1.5625 ],
"groundedBeePos": [
	[ 12.78125, 6.53125 ],
	[ 17.3125, 12.0625 ],
	[ 19.9375, 1.71875 ]
],
"flyingBeePos": [
	[ 18.59375, 9.125 ]
],
"platformPos": [
	[ 20.76314, 17.25, 20.330128, 17, 25.093271, 8.750001, 25.52628, 9 ],
	[ 11.236859, 17.25, 11.236859, 16.75, 20.763142, 16.75, 20.76314, 17.25 ],
	[ 6.47372, 9, 6.906733, 8.75, 11.669871, 17, 11.236859, 17.25 ],
	[ 11.236863, 0.74999917, 11.669875, 0.99999905, 6.906733, 9.249998, 6.4737215, 8.999997 ],
	[ 20.76314, 0.75000006, 20.76314, 1.2499999, 11.23686, 1.25, 11.23686, 0.75000006 ],
	[ 25.526281, 8.999998, 25.093267, 9.249998, 20.33013, 0.99999917, 20.763136, 0.7499989 ],
	[ 13.421876, 14.968751, 13.421876, 14.46875, 18.828125, 14.468749, 18.828125, 14.968748 ],
	[ 14.105458, 13.51261, 13.672447, 13.26261, 14.769542, 11.3623905, 15.202554, 11.6123905 ],
	[ 12.999088, 11.656249, 12.999088, 11.156249, 19.688416, 11.156248, 19.688414, 11.656251 ],
	[ 8.484374, 9.375, 8.484375, 8.874999, 10.390625, 8.875, 10.390625, 9.375 ],
	[ 10.435256, 9.1875, 10.002244, 8.9375, 11.792108, 5.8373647, 12.22512, 6.087364 ],
	[ 11.875, 6.374999, 11.875, 5.875, 20.125534, 5.875, 20.125532, 6.3750005 ],
	[ 19.783493, 6.2812495, 20.216503, 6.03125, 21.89538, 8.939138, 21.462362, 9.189137 ]
],
"spikedPlatformPos": [
	[ 11.46875, 16.9375, 11.46875, 16.4375, 20.600224, 16.437502, 20.600224, 16.9375 ],
	[ 20.685257, 16.78125, 20.252245, 16.531252, 21.950272, 13.590179, 22.383284, 13.840177 ],
	[ 9.706245, 14.011996, 10.139258, 13.761995, 11.810256, 16.65625, 11.377244, 16.90625 ],
	[ 11.755209, 10.412592, 12.188223, 10.162591, 14.057288, 13.399908, 13.624276, 13.64991 ],
	[ 17.20188, 4.1875, 17.201883, 3.6875, 22.110617, 3.6875002, 22.110617, 4.1875 ],
	[ 10.500001, 3.2187507, 10.500001, 2.7187502, 14.250001, 2.71875, 14.250001, 3.2187502 ],
	[ 9.069723, 5.9366455, 8.636712, 5.686645, 10.367775, 2.6883543, 10.800787, 2.9383545 ],
	[ 7.702613, 7.90625, 7.7026114, 7.406249, 9.609887, 7.40625, 9.609887, 7.90625 ],
	[ 13.968458, 7.90625, 13.968457, 7.4062495, 17.281548, 7.40625, 17.281544, 7.906249 ],
	[ 14.249999, 2.4062507, 14.25, 2.9062498, 10.5, 2.9062514, 10.499998, 2.406252 ],
	[ 22.11062, 3.406252, 22.110615, 3.9062524, 17.201883, 3.906248, 17.201885, 3.4062505 ],
	[ 9.609883, 7.1250014, 9.609886, 7.6250014, 7.702611, 7.6249995, 7.70261, 7.125001 ],
	[ 17.312796, 7.1562505, 17.312798, 7.656251, 13.999706, 7.6562486, 13.99971, 7.1562486 ],
	[ 14.276042, 13.243658, 13.843028, 13.493657, 11.973965, 10.256339, 12.406975, 10.006339 ]
],
"honeyPatchPos": [
	[ 21.8125, 12.75, 21.25, 12.71875, 20.906248, 12.656251, 20.687502, 12.46875, 20.53125, 12.0625, 20.53125, 11.5, 20.84375, 10.812501, 21.34375, 10.406251, 21.75, 10.0625, 22.281248, 10.062499, 22.625, 10.15625, 22.90625, 10.3125, 23.0625, 10.59375, 23.15625, 10.999999, 22.875, 11.875001, 22.3125, 12.4375, 22.093748, 12.625 ]
],
"background": [ 20.76314, 17.25, 11.236859, 17.25, 6.47372, 9, 11.236863, 0.74999917, 20.76314, 0.75000006, 25.526281, 8.999998 ]
}