{
"goalPos": [ 16.0625, 8.59375 ],
"playerPos": [ 12.25, 1.5625 ],
"groundedBeePos": [
	[ 15, 6.78125 ],
	[ 18.28125, 4.46875 ],
	[ 12.125, 3.625 ]
],
"flyingBeePos": [
	[ 12.09375, 12.375 ],
	[ 21.5, 9.96875 ]
],
"platformPos": [
	[ 20.76314, 17.25, 20.330128, 17, 25.093271, 8.750001, 25.52628, 9 ],
	[ 11.236859, 17.25, 11.236859, 16.75, 20.763142, 16.75, 20.76314, 17.25 ],
	[ 6.47372, 9, 6.906733, 8.75, 11.669871, 17, 11.236859, 17.25 ],
	[ 11.236863, 0.74999917, 11.669875, 0.99999905, 6.906733, 9.249998, 6.4737215, 8.999997 ],
	[ 20.76314, 0.75000006, 20.76314, 1.2499999, 11.23686, 1.25, 11.23686, 0.75000006 ],
	[ 25.526281, 8.999998, 25.093267, 9.249998, 20.33013, 0.99999917, 20.763136, 0.7499989 ],
	[ 14.781251, 15.187501, 14.78125, 14.687499, 21.659729, 14.687499, 21.659729, 15.1875 ],
	[ 11.930078, 10.1846485, 11.497066, 9.934649, 13.69492, 6.1278524, 14.127933, 6.377853 ],
	[ 13.65625, 6.5937505, 13.65625, 6.093749, 18.35218, 6.09375, 18.35218, 6.593749 ],
	[ 18.033493, 6.5625, 18.466507, 6.3125, 19.878042, 8.757351, 19.445028, 9.007351 ],
	[ 16.09375, 4.3125005, 16.09375, 3.8125, 19.65625, 3.8125, 19.65625, 4.3125 ],
	[ 10.500002, 3.3750007, 10.5, 2.875, 14.032493, 2.875, 14.032495, 3.3750002 ],
	[ 7.1249213, 8.968748, 7.124922, 8.468751, 10.250078, 8.46875, 10.250078, 8.968751 ],
	[ 12.345994, 8.90625, 12.779006, 8.65625, 14.122483, 10.983222, 13.689471, 11.23322 ],
	[ 16.234375, 10.6875, 16.234375, 10.1875, 17.953125, 10.187501, 17.953125, 10.6875 ]
],
"spikedPlatformPos": [
	[ 16.06098, 12.708947, 16.493994, 12.458948, 17.87652, 14.853553, 17.443504, 15.103553 ],
	[ 16.883068, 12.837546, 16.450056, 12.587546, 17.74193, 10.349951, 18.174944, 10.59995 ],
	[ 19.953056, 6.5625014, 19.953056, 6.0625005, 23.484442, 6.0624995, 23.484444, 6.5625005 ],
	[ 18.031248, 2.8124995, 18.031246, 2.3124993, 21.281248, 2.3124998, 21.281248, 2.8125 ],
	[ 14.208582, 1.4774593, 14.641594, 1.2274592, 16.291424, 4.085041, 15.858407, 4.3350406 ],
	[ 8.72578, 6.805852, 8.292768, 6.5558515, 9.83672, 3.881648, 10.269732, 4.131648 ],
	[ 7.0624995, 9.28125, 7.062501, 8.78125, 10.250151, 8.78125, 10.250153, 9.28125 ],
	[ 11.046783, 6.5937505, 11.046783, 6.09375, 13.703217, 6.093749, 13.7032175, 6.59375 ],
	[ 11.468748, 17.031248, 11.468749, 16.53125, 14.724154, 16.53125, 14.724154, 17.03125 ],
	[ 10.181275, 15.051279, 10.614287, 14.801278, 11.685256, 16.65625, 11.252243, 16.90625 ],
	[ 16.572668, 3.9287922, 16.139656, 4.178791, 14.489828, 1.3212104, 14.922843, 1.0712104 ],
	[ 21.218748, 2.0312498, 21.21875, 2.5312524, 17.968746, 2.5312529, 17.968748, 2.0312483 ],
	[ 23.453194, 5.8437486, 23.453196, 6.34375, 19.92181, 6.343751, 19.921806, 5.843751 ],
	[ 13.703217, 5.8437486, 13.703217, 6.34375, 11.046784, 6.343749, 11.0467825, 5.84375 ],
	[ 17.460682, 10.287453, 17.893696, 10.537451, 16.601818, 12.775049, 16.168806, 12.525049 ],
	[ 18.189018, 14.697305, 17.756004, 14.947303, 16.37348, 12.552697, 16.80649, 12.302702 ]
],
"honeyPatchPos": [
	[ 20.03125, 13.9375, 19.593752, 13.8125, 19, 13.75, 18.625, 13.468751, 18.375, 13.125001, 18.249998, 12.562499, 18.46875, 11.875001, 18.75, 11.46875, 19.1875, 11.156251, 19.65625, 11.125, 20.34375, 11.281251, 20.875, 11.437501, 21.40625, 11.781251, 21.5, 12.40625, 21.125, 13.125, 20.5625, 13.8125 ]
],
"background": [ 20.76314, 17.25, 11.236859, 17.25, 6.47372, 9, 11.236863, 0.74999917, 20.76314, 0.75000006, 25.526281, 8.999998 ]
}