{
"goalPos": [ 16, 9 ],
"playerPos": [ 12.0625, 1.5 ],
"groundedBeePos": [
	[ 12.78125, 6.53125 ],
	[ 17.3125, 12.0625 ],
	[ 20.03125, 1.5 ]
],
"flyingBeePos": [
	[ 18.59375, 9.125 ]
],
"platformPos": [
	[ 20.76314, 17.25, 20.330128, 17, 25.093273, 8.750001, 25.52628, 9 ],
	[ 11.236859, 17.25, 11.236859, 16.75, 20.763142, 16.75, 20.76314, 17.25 ],
	[ 6.47372, 9, 6.906733, 8.75, 11.669871, 17, 11.236859, 17.25 ],
	[ 11.236863, 0.74999917, 11.669875, 0.99999905, 6.906733, 9.249998, 6.4737215, 8.999997 ],
	[ 20.76314, 0.75000006, 20.76314, 1.2499999, 11.23686, 1.25, 11.23686, 0.75000006 ],
	[ 25.526281, 8.999998, 25.093267, 9.249998, 20.330132, 0.9999992, 20.763134, 0.74999887 ],
	[ 13.421876, 14.968751, 13.421877, 14.468749, 18.828125, 14.468749, 18.828125, 14.968748 ],
	[ 14.105458, 13.51261, 13.672447, 13.26261, 14.769542, 11.3623905, 15.202554, 11.612391 ],
	[ 12.999088, 11.656249, 12.999087, 11.156249, 19.688416, 11.156247, 19.688412, 11.656251 ],
	[ 8.484374, 9.375, 8.484375, 8.874999, 10.390625, 8.875, 10.390625, 9.375001 ],
	[ 10.435256, 9.1875, 10.002244, 8.9375, 11.792108, 5.8373647, 12.22512, 6.087364 ],
	[ 11.875, 6.374999, 11.875, 5.875, 20.125534, 5.875, 20.125532, 6.3750005 ],
	[ 19.783493, 6.2812495, 20.216503, 6.0312505, 21.895382, 8.939138, 21.462362, 9.189137 ]
],
"spikedPlatformPos": [
	[ 20.596987, 16.312498, 20.59699, 16.812496, 11.465513, 16.812496, 11.465513, 16.312498 ],
	[ 11.755209, 10.412592, 12.188223, 10.162591, 14.057287, 13.399907, 13.624276, 13.64991 ],
	[ 17.20188, 4.1875, 17.201883, 3.6875, 22.110617, 3.6875002, 22.110617, 4.1875005 ],
	[ 10.500001, 3.218751, 10.500001, 2.7187502, 14.250001, 2.71875, 14.250002, 3.2187502 ],
	[ 9.194724, 6.124146, 8.761713, 5.8741455, 10.492776, 2.8758547, 10.925788, 3.125855 ],
	[ 7.702613, 7.90625, 7.7026114, 7.4062486, 9.609887, 7.4062505, 9.609887, 7.90625 ],
	[ 13.968457, 7.90625, 13.968456, 7.4062495, 17.281548, 7.40625, 17.281544, 7.90625 ],
	[ 14.249999, 2.4062507, 14.25, 2.9062495, 10.5, 2.9062514, 10.499999, 2.406252 ],
	[ 22.11062, 3.4062517, 22.110615, 3.9062521, 17.201885, 3.9062483, 17.201885, 3.4062505 ],
	[ 9.609883, 7.1250014, 9.609886, 7.625001, 7.702611, 7.6249995, 7.7026105, 7.1250014 ],
	[ 17.312796, 7.1562505, 17.312798, 7.656251, 13.999706, 7.656249, 13.99971, 7.156249 ],
	[ 14.276042, 13.243659, 13.843027, 13.493657, 11.973965, 10.256339, 12.406975, 10.006339 ],
	[ 21.710173, 13.790575, 22.14319, 14.040573, 20.602325, 16.709427, 20.16931, 16.459427 ],
	[ 11.924438, 16.553173, 11.491425, 16.803177, 9.950562, 14.134322, 10.383577, 13.884323 ]
],
"honeyPatchPos": [
	[ 21.8125, 12.75, 21.25, 12.71875, 20.906248, 12.656251, 20.687502, 12.46875, 20.53125, 12.0625, 20.53125, 11.5, 20.84375, 10.812501, 21.34375, 10.406251, 21.75, 10.0625, 22.281246, 10.062498, 22.625, 10.15625, 22.90625, 10.3125, 23.0625, 10.59375, 23.15625, 10.999999, 22.875, 11.875001, 22.3125, 12.4375, 22.093746, 12.624999 ]
],
"background": [ 20.76314, 17.25, 11.236859, 17.25, 6.47372, 9, 11.236863, 0.74999917, 20.76314, 0.75000006, 25.526281, 8.999998 ]
}