{
"goalPos": [ 16, 9 ],
"playerPos": [ 18.75, 15.389372 ],
"groundedBeePos": [],
"flyingBeePos": [],
"platformPos": [
	[ 20.76314, 17.25, 20.330128, 17, 25.09327, 8.750001, 25.52628, 9 ],
	[ 11.236859, 17.25, 11.236859, 16.75, 20.763142, 16.75, 20.76314, 17.25 ],
	[ 6.47372, 9, 6.906733, 8.75, 11.669871, 17, 11.236859, 17.25 ],
	[ 11.236863, 0.7499991, 11.669875, 0.99999905, 6.906733, 9.249998, 6.4737215, 8.999997 ],
	[ 20.76314, 0.75000006, 20.76314, 1.2499999, 11.23686, 1.25, 11.23686, 0.75 ],
	[ 25.526281, 8.999998, 25.093267, 9.249998, 20.330128, 0.9999991, 20.763138, 0.749999 ],
	[ 16.187454, 15.0625, 16.187452, 14.5625, 21.625044, 14.5625, 21.625044, 15.0625 ],
	[ 9.404005, 13.1875, 8.970995, 12.937499, 10.7044525, 9.93506, 11.1374655, 10.18506 ],
	[ 14.877244, 10.250001, 15.310256, 10, 16.957047, 12.852323, 16.524033, 13.102323 ],
	[ 16.8125, 13.312498, 16.8125, 12.812501, 20.625128, 12.812499, 20.625128, 13.312499 ],
	[ 16.90305, 5.200068, 17.336063, 4.950068, 19.872757, 9.343749, 19.439743, 9.59375 ],
	[ 13.45813, 5.3437505, 13.458129, 4.84375, 17.1875, 4.84375, 17.1875, 5.34375 ],
	[ 12.876809, 6.804877, 12.443798, 6.5548773, 13.37319, 4.945123, 13.806202, 5.195123 ],
	[ 19.781248, 5.5, 19.78125, 4.9999995, 22.84391, 5, 22.84391, 5.4999995 ],
	[ 15.84375, 3.2500002, 15.843749, 2.7499998, 19.844849, 2.75, 19.844849, 3.2500002 ],
	[ 9.125, 8.53125, 9.125, 8.03125, 14.094635, 8.03125, 14.094635, 8.53125 ]
],
"spikedPlatformPos": [
	[ 12.590383, 15.03125, 12.5903845, 14.531251, 16.21875, 14.53125, 16.21875, 15.031251 ],
	[ 10.9375, 10.46875, 10.9375, 9.96875, 15.130711, 9.968751, 15.13071, 10.46875 ],
	[ 20.561539, 13.161204, 20.128525, 12.911204, 21.938463, 9.776297, 22.371477, 10.026298 ],
	[ 16.941133, 9.63025, 17.374147, 9.380251, 18.558868, 11.432247, 18.125854, 11.682247 ],
	[ 21.40625, 8.1875, 21.40625, 7.6874995, 24.500631, 7.6875005, 24.500631, 8.1875 ],
	[ 18.716507, 11.71875, 18.283493, 11.46875, 19.525852, 9.31692, 19.958866, 9.56692 ],
	[ 11.468749, 1.7187501, 11.46875, 1.2187499, 20.65625, 1.21875, 20.65625, 1.71875 ],
	[ 7.3415065, 9.09375, 6.9084935, 8.84375, 9.1403, 4.978149, 9.573312, 5.228149 ]
],
"honeyPatchPos": null,
"background": [ 20.76314, 17.25, 11.236859, 17.25, 6.47372, 9, 11.236863, 0.7499991, 20.76314, 0.75000006, 25.526281, 8.999998 ]
}