{
"goalPos": [ 16, 9 ],
"playerPos": [ 18.75, 15.389372 ],
"groundedBeePos": [],
"flyingBeePos": [],
"platformPos": [
	[ 20.76314, 17.25, 20.330128, 17, 25.093275, 8.75, 25.52628, 9 ],
	[ 11.236859, 17.25, 11.236859, 16.75, 20.763142, 16.75, 20.76314, 17.25 ],
	[ 6.47372, 9, 6.906733, 8.75, 11.669871, 17, 11.236859, 17.25 ],
	[ 11.236863, 0.74999917, 11.669875, 0.99999905, 6.906733, 9.249998, 6.4737215, 8.999997 ],
	[ 20.76314, 0.75000006, 20.76314, 1.2499999, 11.23686, 1.25, 11.23686, 0.75000006 ],
	[ 25.526281, 8.999998, 25.093267, 9.249998, 20.330135, 0.99999934, 20.76313, 0.7499987 ],
	[ 16.187454, 15.062501, 16.187454, 14.5625, 21.625044, 14.562501, 21.625044, 15.0625 ],
	[ 9.404005, 13.1875, 8.970995, 12.937499, 10.7044525, 9.93506, 11.1374655, 10.18506 ],
	[ 14.877244, 10.250001, 15.310256, 10, 16.957047, 12.852323, 16.524033, 13.102323 ],
	[ 16.812502, 13.312497, 16.812498, 12.812501, 20.625128, 12.812499, 20.625128, 13.312499 ],
	[ 16.90305, 5.200068, 17.336063, 4.950068, 19.872757, 9.343749, 19.439743, 9.59375 ],
	[ 13.45813, 5.3437505, 13.458129, 4.84375, 17.1875, 4.84375, 17.1875, 5.34375 ],
	[ 12.876809, 6.804877, 12.443798, 6.5548773, 13.37319, 4.9451222, 13.806202, 5.195123 ],
	[ 19.781248, 5.500001, 19.78125, 4.9999986, 22.84391, 5, 22.84391, 5.4999995 ],
	[ 15.84375, 3.250001, 15.843749, 2.7499998, 19.844849, 2.75, 19.844849, 3.2500002 ],
	[ 9.125, 8.53125, 9.125, 8.03125, 14.094635, 8.03125, 14.094635, 8.53125 ]
],
"spikedPlatformPos": [
	[ 12.654565, 15.125, 12.654568, 14.625001, 16.282932, 14.625001, 16.282932, 15.125003 ],
	[ 10.934646, 10.499999, 10.934645, 10, 15.127855, 10.000001, 15.127853, 10.499998 ],
	[ 16.941135, 9.567751, 17.374146, 9.317749, 18.558868, 11.369746, 18.125856, 11.619747 ],
	[ 21.35906, 8.21875, 21.35906, 7.7187505, 24.453442, 7.718751, 24.453442, 8.21875 ],
	[ 18.782825, 11.700915, 18.349813, 11.450913, 19.59217, 9.299085, 20.025187, 9.549083 ],
	[ 11.468745, 1.7187502, 11.46875, 1.2187498, 20.65625, 1.21875, 20.65625, 1.71875 ],
	[ 7.3415065, 9.09375, 6.9084935, 8.84375, 9.1403, 4.978149, 9.573312, 5.228149 ],
	[ 24.45344, 7.437502, 24.453436, 7.9375024, 21.35906, 7.9374967, 21.35906, 7.4374995 ],
	[ 18.840117, 11.213497, 18.407108, 11.463495, 17.222383, 9.4115, 17.655397, 9.161499 ],
	[ 19.310925, 9.142836, 19.743937, 9.392839, 18.50158, 11.544664, 18.068565, 11.294665 ],
	[ 15.096604, 9.687501, 15.096607, 10.187499, 10.903397, 10.187499, 10.903396, 9.687499 ],
	[ 16.282928, 14.312505, 16.282932, 14.8125, 12.654564, 14.812503, 12.654566, 14.3125 ],
	[ 20.661179, 13.282733, 20.228165, 13.032731, 21.276321, 11.217269, 21.709337, 11.467268 ],
	[ 20.932566, 11.061023, 21.365583, 11.311022, 20.317425, 13.126485, 19.884413, 12.876479 ]
],
"honeyPatchPos": null,
"background": [ 20.76314, 17.25, 11.236859, 17.25, 6.47372, 9, 11.236863, 0.74999917, 20.76314, 0.75000006, 25.526281, 8.999998 ]
}