{
"goalPos": [ 17.4375, 6.84375 ],
"playerPos": [ 12.21875, 15.15625 ],
"groundedBeePos": [],
"flyingBeePos": [],
"platformPos": [
	[ 20.76314, 17.25, 20.330128, 17, 25.093275, 8.749999, 25.52628, 9 ],
	[ 11.236859, 17.25, 11.236859, 16.75, 20.763142, 16.75, 20.76314, 17.25 ],
	[ 6.47372, 9, 6.906733, 8.75, 11.669871, 17, 11.236859, 17.25 ],
	[ 11.236863, 0.74999917, 11.669875, 0.99999905, 6.906733, 9.249998, 6.4737215, 8.999997 ],
	[ 20.76314, 0.75000006, 20.76314, 1.2499999, 11.23686, 1.25, 11.23686, 0.75000006 ],
	[ 25.526281, 8.999998, 25.093267, 9.249998, 20.3302, 1.000001, 20.763065, 0.74999636 ],
	[ 10.125, 14.78125, 10.125, 14.281251, 17.88564, 14.281249, 17.88564, 14.781251 ],
	[ 17.625, 14.75, 17.624998, 14.25, 19.159117, 14.249999, 19.159117, 14.750002 ],
	[ 20.483608, 4.5402193, 20.9166, 4.7902155, 18.328901, 9.272278, 17.895884, 9.022282 ],
	[ 16, 5.406253, 16, 4.90625, 20.408024, 4.90625, 20.408024, 5.4062495 ]
],
"spikedPlatformPos": [
	[ 19.32417, 14.581312, 18.891157, 14.331313, 20.17583, 12.106188, 20.608845, 12.356189 ],
	[ 23.07969, 6.6102257, 23.512705, 6.360226, 25.04531, 9.014774, 24.612297, 9.264774 ],
	[ 18.483047, 9.406251, 18.483053, 8.906252, 23.079454, 8.906247, 23.079454, 9.406248 ],
	[ 23.016953, 8.562502, 23.016953, 9.062498, 18.420547, 9.062498, 18.420546, 8.562502 ],
	[ 24.675264, 8.855092, 25.10828, 9.105085, 20.574736, 16.957409, 20.141718, 16.707401 ],
	[ 23.1526, 12.082339, 22.719587, 12.332337, 21.722397, 10.605159, 22.15541, 10.35516 ],
	[ 21.37865, 10.792661, 21.811665, 10.542658, 22.808853, 12.269841, 22.37584, 12.519842 ],
	[ 20.61026, 12.272903, 20.177246, 12.5229025, 18.202244, 9.102098, 18.635256, 8.8520975 ],
	[ 11.468533, 1.6249998, 11.468533, 1.125, 20.4375, 1.125, 20.4375, 1.625 ],
	[ 7.3102565, 9.40625, 6.8772435, 9.15625, 11.497015, 1.1545715, 11.930027, 1.4045714 ],
	[ 10.479012, 14.150976, 10.045998, 14.400976, 7.0209966, 9.161521, 7.4540076, 8.911521 ],
	[ 15.814936, 4.5410953, 16.247948, 4.7910943, 13.372565, 9.771404, 12.939553, 9.521402 ],
	[ 20.703125, 4.53125, 20.703125, 5.0312476, 15.921875, 5.0312495, 15.921876, 4.53125 ],
	[ 13.713695, 9.903184, 13.2806835, 9.653185, 15.911304, 5.0968156, 16.344316, 5.3468146 ],
	[ 19.031279, 13.90625, 19.03128, 14.406246, 10.218721, 14.40625, 10.218726, 13.906245 ],
	[ 19.894579, 11.981188, 20.327597, 12.231184, 19.042921, 14.456311, 18.609907, 14.20631 ],
	[ 17.952246, 9.2895975, 18.385254, 9.039597, 20.360256, 12.460401, 19.927244, 12.710404 ]
],
"honeyPatchPos": [
	[ 18.6875, 14.40625, 19.09375, 14.750001, 19.375004, 15.000002, 19.53125, 15.312499, 19.531248, 15.625, 19.6875, 15.84375, 19.937502, 16, 20.15625, 16.156252, 20.25, 16.40625, 20.28125, 16.625, 20.34375, 17.000002, 24.9375, 9.25, 23.562496, 6.562502, 23.125, 6.875003, 22.937502, 7.03125, 22.875, 7.2812495, 22.937492, 7.6249976, 23, 7.937501, 23, 8.125, 22.906248, 8.343749, 22.8125, 8.53125, 22.78125, 8.84375, 18.53125, 8.90625, 18.406246, 9.437501, 20.0625, 12.187502, 19.156248, 14.09375 ],
	[ 14.77178, 12.383522, 14.178029, 12.321023, 13.865529, 12.102271, 13.58428, 11.727272, 13.584281, 11.321022, 13.896782, 11.102273, 14.33428, 11.039772, 14.678029, 11.071023, 14.928029, 11.196021, 15.209279, 11.477272, 15.209281, 11.789772, 15.17803, 12.164772, 14.959282, 12.321023 ],
	[ 14.351764, 3.7644234, 13.851762, 3.701923, 13.508013, 3.3581722, 13.445513, 2.7331727, 13.539263, 2.2331731, 13.94551, 2.108173, 14.320514, 2.1706734, 14.508015, 2.3581727, 14.664263, 2.576923, 14.976763, 2.6706731, 15.133013, 2.764423, 15.164263, 3.0456734, 15.070513, 3.514423, 14.726762, 3.7956731, 14.195512, 3.7956734 ]
],
"background": [ 20.76314, 17.25, 11.236859, 17.25, 6.47372, 9, 11.236863, 0.74999917, 20.76314, 0.75000006, 25.526281, 8.999998 ]
}