{
"goalPos": [ 19.5, 15.0625 ],
"playerPos": [ 12, 2 ],
"groundedBeePos": [
	[ 13.40625, 13.6875 ]
],
"flyingBeePos": [],
"platformPos": [
	[ 20.76314, 17.25, 20.330128, 17, 25.093275, 8.750001, 25.52628, 9 ],
	[ 11.236859, 17.25, 11.236859, 16.75, 20.763142, 16.75, 20.76314, 17.25 ],
	[ 6.47372, 9, 6.906733, 8.75, 11.669871, 17, 11.236859, 17.25 ],
	[ 11.236863, 0.74999917, 11.669875, 0.99999905, 6.906733, 9.249998, 6.4737215, 8.999997 ],
	[ 20.76314, 0.75000006, 20.76314, 1.2499999, 11.23686, 1.25, 11.23686, 0.75000006 ],
	[ 25.526281, 8.999998, 25.093267, 9.249998, 20.330133, 0.9999993, 20.763132, 0.7499988 ],
	[ 10.595994, 9.625, 11.029005, 9.375002, 13.192096, 13.12158, 12.759082, 13.371581 ],
	[ 12.9375, 13.5, 12.937499, 13, 18.906986, 13, 18.906988, 13.499998 ],
	[ 19.122757, 13.468751, 18.689743, 13.218749, 20.814743, 9.538142, 21.247757, 9.788142 ]
],
"spikedPlatformPos": [
	[ 24.702404, 8.683077, 25.135418, 8.933077, 20.547596, 16.879416, 20.114582, 16.629417 ],
	[ 20.18839, 1.490046, 20.621403, 1.2400459, 24.999102, 8.822454, 24.56609, 9.072453 ],
	[ 11.851863, 16.619297, 11.41885, 16.869299, 7.0231395, 9.255703, 7.45615, 9.005701 ]
],
"honeyPatchPos": null,
"background": [ 20.76314, 17.25, 11.236859, 17.25, 6.47372, 9, 11.236863, 0.74999917, 20.76314, 0.75000006, 25.526281, 8.999998 ]
}