{
"goalPos": [ 12.21875, 15.125 ],
"playerPos": [ 12, 2 ],
"groundedBeePos": [
	[ 10.53125, 11.78125 ],
	[ 12.125, 10.375 ],
	[ 14.0625, 9.5 ],
	[ 14.65625, 7.46875 ]
],
"flyingBeePos": [
	[ 20.249603, 10.113279 ]
],
"platformPos": [
	[ 20.76314, 17.25, 20.330128, 17, 25.093275, 8.749999, 25.52628, 9 ],
	[ 11.236859, 17.25, 11.236859, 16.75, 20.763142, 16.75, 20.76314, 17.25 ],
	[ 6.47372, 9, 6.906733, 8.75, 11.669871, 17, 11.236859, 17.25 ],
	[ 11.236863, 0.74999917, 11.669875, 0.99999905, 6.906733, 9.249998, 6.4737215, 8.999997 ],
	[ 20.76314, 0.75000006, 20.76314, 1.2499999, 11.23686, 1.25, 11.23686, 0.75000006 ],
	[ 25.526281, 8.999998, 25.093267, 9.249998, 20.330145, 0.9999996, 20.76312, 0.7499984 ],
	[ 21.209461, 15.4375, 21.209465, 15.937503, 17.353035, 15.937498, 17.353037, 15.437501 ],
	[ 16.09375, 5.406249, 16.09375, 4.90625, 17.915922, 4.90625, 17.915922, 5.4062505 ],
	[ 18.029003, 5.46875, 17.595993, 5.21875, 20.019127, 1.0217576, 20.45214, 1.2717576 ],
	[ 20.16059, 4.5339074, 20.593603, 4.783905, 17.276907, 10.52859, 16.843893, 10.278594 ],
	[ 14.394092, 11.968751, 14.394092, 12.468752, 11.855908, 12.468748, 11.8559065, 11.968751 ],
	[ 11.972632, 16.628277, 11.5396185, 16.878277, 9.839868, 13.934221, 10.2728815, 13.684219 ],
	[ 16.93533, 10.152052, 17.368343, 9.902053, 19.50217, 13.597951, 19.069155, 13.847952 ],
	[ 19.456987, 13.500001, 19.456987, 14.000002, 16.230513, 14.000002, 16.230513, 13.500001 ]
],
"spikedPlatformPos": [
	[ 10.308446, 13.790818, 9.875435, 14.040819, 6.941554, 8.959185, 7.374562, 8.709185 ],
	[ 20.587887, 16.249998, 20.587885, 16.750004, 11.474614, 16.75, 11.474613, 16.25 ],
	[ 13.543681, 1.1082716, 13.976693, 0.8582715, 16.404007, 5.0625, 15.970994, 5.3125 ],
	[ 22.586487, 5.504928, 23.0195, 5.254928, 25.091507, 8.843751, 24.658493, 9.09375 ],
	[ 16.336445, 13.531249, 16.336445, 14.031247, 9.726053, 14.031251, 9.726057, 13.531249 ]
],
"honeyPatchPos": [
	[ 15.421877, 3.6197927, 16.109375, 4.963544, 8.546875, 11.776042, 7.7656255, 10.369791 ]
],
"background": [ 20.76314, 17.25, 11.236859, 17.25, 6.47372, 9, 11.236863, 0.74999917, 20.76314, 0.75000006, 25.526281, 8.999998 ]
}