{
"goalPos": [ 9.40625, 7.96875 ],
"playerPos": [ 11.84375, 3.71875 ],
"groundedBeePos": [
	[ 16.353888, 1.6270366 ],
	[ 15.220626, 12.546548 ]
],
"flyingBeePos": [
	[ 14.781206, 16 ]
],
"platformPos": [
	[ 20.330128, 17, 25.093273, 8.750001, 25.52628, 9, 20.76314, 17.25 ],
	[ 11.236859, 16.75, 20.763142, 16.75, 20.76314, 17.25, 11.236859, 17.25 ],
	[ 6.9599357, 8.78125, 11.723075, 17.03125, 11.290062, 17.28125, 6.5269227, 9.03125 ],
	[ 11.669875, 0.99999905, 6.906733, 9.249998, 6.4737215, 8.999997, 11.236863, 0.74999917 ],
	[ 20.76314, 1.2499999, 11.23686, 1.25, 11.23686, 0.75000006, 20.76314, 0.75000006 ],
	[ 25.133816, 9.249999, 20.370676, 1, 20.803686, 0.75000006, 25.566832, 8.999998 ],
	[ 10.218749, 3.4687495, 10.218753, 2.9687507, 13.71875, 2.9687495, 13.718752, 3.4687502 ],
	[ 17.31394, 5.0677776, 16.880928, 4.8177767, 18.18606, 2.5572226, 18.619074, 2.8072226 ],
	[ 6.8742905, 9.312502, 6.8742895, 8.8125, 12.3757105, 8.8125, 12.3757105, 9.3125 ],
	[ 18.785507, 11.950157, 18.352493, 11.700161, 20.026995, 8.799837, 20.460009, 9.049838 ],
	[ 20.058971, 9.288438, 20.491985, 9.038438, 18.06603, 4.8365607, 17.633017, 5.086561 ],
	[ 13.858085, 12.1875, 13.858083, 11.687503, 18.579422, 11.6875, 18.57942, 12.187501 ],
	[ 18.142868, 11.80891, 18.575882, 11.558913, 19.482132, 13.128587, 19.049118, 13.378584 ],
	[ 13.466714, 13.351161, 13.033705, 13.101161, 13.908285, 11.586342, 14.341298, 11.836341 ]
],
"spikedPlatformPos": [
	[ 24.513018, 8.734785, 24.946032, 8.984787, 22.799482, 12.702716, 22.366468, 12.452716 ],
	[ 9.372067, 5.40625, 9.3720665, 4.9062495, 17.690437, 4.9062495, 17.690434, 5.406249 ],
	[ 17.69433, 5.4250736, 17.261314, 5.1750736, 18.61817, 2.8249264, 19.051186, 3.0749266 ],
	[ 8.560256, 7.34375, 8.127243, 7.093749, 9.364779, 4.9502754, 9.7977915, 5.2002754 ],
	[ 7.2812495, 9.71875, 7.28125, 9.21875, 12.407776, 9.218751, 12.407774, 9.71875 ],
	[ 12.3926325, 9.71946, 11.9596195, 9.46946, 12.3573675, 8.78054, 12.790379, 9.030541 ],
	[ 16.926613, 4.85182, 17.35963, 4.601819, 19.948381, 9.085678, 19.515366, 9.335676 ],
	[ 18.384565, 11.707711, 17.95155, 11.457712, 19.490435, 8.792285, 19.923449, 9.042285 ],
	[ 13.92165, 11.8125, 13.921651, 11.312501, 18.26585, 11.312501, 18.26585, 11.812499 ]
],
"honeyPatchPos": [
	[ 14.856773, 10.828124, 13.950523, 10.296875, 13.700522, 8.671875, 15.138023, 8.171875, 16.513023, 8.984375, 16.294271, 10.609375 ]
],
"background": [ 20.76314, 17.25, 11.236859, 17.25, 6.47372, 9, 11.236863, 0.74999917, 20.76314, 0.75000006, 25.526281, 8.999998 ]
}